year,net,reason,hold
2019,0.7316165519152792,target,56
2019,-1.0165213217365319,stop,31
2019,-1.0407788810299112,stop,72
2019,-1.03000917801008,stop,32
2019,0.9786518502938614,target,6
2019,-1.0480070030662947,stop,37
2019,0.9438133769776159,target,15
2019,0.4524696529652973,target,233
2019,0.6609377509463821,target,279
2019,0.8605484496248604,target,35
2019,-1.0400692491920918,stop,280
2019,-1.0466340569257309,stop,25
2019,-1.0650903434358876,stop,95
2019,0.9669840262459053,target,18
2019,0.9337005041643314,target,34
2019,-1.0328674683245775,stop,112
2019,-1.0478620139828594,stop,10
2019,-1.0676546791578536,stop,18
2019,-1.06702368485002,stop,6
2019,-1.0631651178488228,stop,9
2019,-1.0610504043987588,stop,5
2019,1.0256027675204482,target,6
2019,-1.040821443149407,stop,59
2019,0.82944854822259,target,13
2019,-1.135876631794548,stop,155
2019,-1.0744913434858714,stop,40
2019,0.6576440450998903,target,113
2019,0.388503344933804,target,273
2019,-1.0670217880662902,stop,16
2019,-1.0783940539690458,stop,2
2019,-1.059615208301271,stop,89
2019,0.9819354926259131,target,8
2019,-1.0784152503219364,stop,47
2019,-1.1180041529988918,stop,3
2019,0.45347876950084554,target,91
2019,-1.026237286814962,stop,97
2019,-1.0824900815858625,stop,19
2019,-1.03368361362964,stop,188
2019,1.0506804875590599,target,26
2019,-1.0539402963675335,stop,127
2019,1.0142203112285886,target,78
2019,0.8962061805240289,target,6
2019,-1.0333176701586975,stop,56
2019,-1.0279495655230366,stop,98
2019,0.981607899566973,target,18
2019,0.8729267177584517,target,35
2019,1.1928153400529258,target,16
2019,0.5868986493340769,target,60
2019,0.9678810158274115,target,15
2019,-1.081683314673275,stop,3
2019,0.884696624479061,target,5
2019,-1.0558768640532665,stop,29
2019,0.9090093918303088,target,7
2019,0.16550155378613324,eod,350
2019,-1.0990974606775181,stop,8
2019,0.7764535430348232,target,43
2019,-1.155341003094486,stop,14
2019,0.7991506457450159,target,41
2019,0.9017836761612001,target,23
2019,1.0041065118731227,target,15
2019,-0.951390570665689,eod,295
2019,-1.0423360930417649,stop,83
2019,0.8164373406383201,target,49
2019,-1.060690546726245,stop,3
2019,1.2012769791022053,target,20
2019,0.8435159003122246,target,9
2019,-1.1081238369876845,stop,3
2019,-1.0697823780683215,stop,9
2019,-1.0388944383512593,stop,61
2019,-1.0325498636643038,stop,51
2019,-1.0292777338364962,stop,42
2019,0.9301061544865751,target,38
2019,0.5632752435893119,target,113
2019,-1.024534738335792,stop,32
2019,-0.502234075155434,eod,353
2019,-1.0311329705824577,stop,75
2019,-1.0270832999853845,stop,36
2019,-1.0243749039116357,stop,42
2019,0.804926516269889,target,58
2019,0.8338309646968401,target,70
2019,0.6579832671548955,target,105
2019,0.8755217061395287,target,47
2019,-1.0355246047448932,stop,2
2019,-1.031832678012126,stop,41
2019,-1.0454778061265597,stop,24
2019,0.9579161340299152,target,10
2019,-1.0228749971459694,stop,41
2019,-1.026245033262544,stop,47
2019,0.8434006339571454,target,22
2019,0.4195618229683715,target,350
2019,-1.0869891357750603,stop,37
2019,1.0959509011182087,target,10
2019,-1.046401734334715,stop,38
2019,0.8772405787324712,target,87
2019,0.9103067725678181,target,6
2019,-1.0633532912432422,stop,136
2019,-1.1406052417942094,stop,14
2019,0.6419139208747129,target,137
2019,-1.0391512844550632,stop,64
2019,0.7607382686257074,target,39
2019,0.8839917252376497,target,7
2019,-1.1025388937517997,stop,65
2019,-1.0952622503588771,stop,25
2019,1.0555651375309767,target,32
2019,-1.0733786832685428,stop,39
2019,-0.10366496322127622,eod,354
2019,0.7550737541342449,target,47
2019,-1.0561152983642044,stop,33
2019,0.7501582011878598,target,115
2019,1.0347147700341812,target,34
2019,-1.0233713525042076,stop,42
2019,-1.0328625190529066,stop,10
2019,-1.0123108284179245,stop,257
2019,-1.0355524104168927,stop,38
2019,-1.0441667090202436,stop,24
2019,0.09267632019257334,eod,354
2019,-1.0331819505102375,stop,35
2019,0.9295677616365158,target,54
2019,-1.0434597438365965,stop,10
2019,-1.0348055336863744,stop,50
2019,0.7822225051952132,target,37
2019,-0.3484086633818888,eod,354
2019,0.9569992022063334,target,38
2019,-1.0964866765897912,stop,21
2019,-1.0496417723992906,stop,14
2019,1.5475291442624586,target,40
2019,0.7644000264851656,target,105
2019,0.6267999162863968,target,148
2019,-1.1113676880212486,stop,37
2019,1.023665294834573,target,19
2019,-1.0944125200402286,stop,9
2019,1.1008501878961134,target,30
2019,0.7827279277994265,target,40
2019,0.6369687112888066,target,45
2019,1.0344513335810452,target,28
2019,-1.0421802958148096,stop,41
2019,-1.0181912697924087,stop,169
2019,-1.0547125144981306,stop,1
2019,-1.0257089008319586,stop,333
2019,-1.0767316163927536,stop,49
2019,0.6984574191668507,target,163
2019,0.6744294936668495,target,248
2019,-1.0617755056521363,stop,21
2019,1.0208930053926852,target,26
2019,0.6870575878008274,target,241
2019,-1.090078539529054,stop,18
2019,-1.0584685111066732,stop,311
2019,0.6899395960731828,target,207
2019,-1.0565476997403584,stop,21
2019,-1.0429245892912025,stop,304
2019,0.7934358566186958,target,41
2019,-1.0750008560550468,stop,1
2019,-1.0542106001545228,stop,23
2019,0.6634904047043808,target,124
2019,0.7903735951806492,target,58
2019,0.6335196502796807,target,76
2019,0.9604470844138662,target,17
2019,-0.2720312073399399,eod,310
2019,-1.063683723505607,stop,32
2019,-1.0665144669865811,stop,142
2019,-1.0821115615628072,stop,53
2019,-1.0548030599939404,stop,49
2019,-1.067238922824498,stop,53
2019,1.0054285974475454,target,31
2019,-1.087894988745587,stop,20
2019,-0.7351607469296698,eod,348
2019,-1.1005962844416288,stop,77
2019,0.8326723958622287,target,23
2019,-0.1489172766392945,eod,354
2019,0.626363927513724,target,216
2019,0.8558743778597081,target,66
2019,0.6554252443856546,target,304
2019,0.9862552710429078,target,61
2019,0.8694132867458535,target,87
2019,-0.16673776688467787,eod,352
2019,-1.0891852341108879,stop,19
2019,-1.1004271769764444,stop,52
2019,-1.088096649274517,stop,61
2019,1.1483041697506418,target,66
2019,0.6333365255081976,target,123
2020,-1.0371800343729956,stop,42
2020,-1.0739046943722759,stop,88
2020,0.6443205747344806,target,172
2020,0.8879831161067528,target,31
2020,-1.038868223798245,stop,100
2020,0.8814873551296908,target,32
2020,0.9217009224027977,target,25
2020,-1.0925477049601207,stop,16
2020,-1.0353289334070075,stop,29
2020,-1.0416396271876749,stop,8
2020,-1.0178907999685156,stop,51
2020,0.17498739827068893,eod,354
2020,0.7491986425074236,target,252
2020,0.939882338659048,target,19
2020,-1.029249069978741,stop,108
2020,-1.0542126241412264,stop,23
2020,-1.0339272535107726,stop,48
2020,0.8133374830267405,target,42
2020,0.8999092814678159,target,87
2020,-1.0355662797658909,stop,166
2020,-1.0202106730133655,stop,210
2020,-1.0211007735645743,stop,6
2020,0.7108096564559746,target,108
2020,-1.0111093475740944,stop,29
2020,0.8746096546503974,target,52
2020,2.112613501619844,target,15
2020,0.9343280029836812,target,32
2020,0.8217004395303249,target,83
2020,1.2811690031684158,target,22
2020,0.8825500977684694,target,48
2020,-1.0060496795908949,stop,270
2020,0.5969990386027538,target,207
2020,0.9420559708674641,target,48
2020,-1.0072304107851606,stop,172
2020,-1.0088038364964407,stop,168
2020,0.6136868580166082,target,126
2020,0.912477650208608,target,165
2020,0.9142557011715166,target,16
2020,-1.0109491469701493,stop,221
2020,-1.0131761120140266,stop,256
2020,-1.0241718352408373,stop,66
2020,-1.0122761886065113,stop,36
2020,-1.0142497083239734,stop,249
2020,0.48079554489696735,target,164
2020,-1.0157334890134153,stop,29
2020,-1.0187218540494367,stop,131
2020,0.3025156239747327,eod,311
2020,0.8071207792336211,target,32
2020,-1.020364338805031,stop,16
2020,0.4893759849527707,target,330
2020,0.7707469909974979,target,289
2020,0.7464962989324254,target,54
2020,1.0071656300269536,target,66
2020,-0.7896344680927521,eod,322
2020,-1.030149561340493,stop,219
2020,-0.21606978859040427,eod,354
2020,-1.0300191123751732,stop,36
2020,0.86396047315233,target,85
2020,-0.19780747718870778,eod,179
2020,-1.0248140600910072,stop,85
2020,-1.010175899025985,stop,49
2020,-1.0191755539910183,stop,112
2020,0.8129099140835039,target,85
2020,0.84425107292725,target,76
2020,-1.0260914246845467,stop,22
2020,1.6113345184276975,target,12
2020,0.7052810457667218,target,68
2020,-1.0146496674991066,stop,91
2020,1.0150985896176208,target,50
2020,-1.027129102722248,stop,26
2020,0.9692250709546053,target,30
2020,0.8452750465920057,target,60
2020,-1.0151978075286971,stop,122
2020,-1.014531265107234,stop,4
2020,0.8905278327463417,target,28
2020,-1.0169988353109718,stop,163
2020,-1.0193040868177288,stop,68
2020,-1.0196118083802392,stop,11
2020,-1.0287478070099703,stop,64
2020,-1.0279818026142922,stop,25
2020,0.8302012991177561,target,60
2020,-1.0536610549181715,stop,9
2020,-1.0219808462718059,stop,60
2020,-1.0221229871462556,stop,68
2020,0.8666815846306364,target,67
2020,-1.025505664138072,stop,15
2020,1.2993377778156385,target,14
2020,-1.0164063379743749,stop,63
2020,0.773779510421275,target,44
2020,0.9434813790445321,target,30
2020,1.0124749782492342,target,33
2020,1.0910590323627225,target,38
2020,-1.0168791483314916,stop,20
2020,-1.0148615002005363,stop,107
2020,0.931218050497022,target,22
2020,0.8403831972777666,target,38
2020,0.9435452514680153,target,76
2020,0.667749094317303,target,125
2020,-1.0157774981291259,stop,17
2020,0.8268554249679129,target,48
2020,0.7843358953425233,target,55
2020,-1.0459585313746027,stop,12
2020,0.9021210466072831,target,25
2020,-1.0357038408016122,stop,5
2020,0.8470393783423646,target,58
2020,-1.0153862064850525,stop,79
2020,0.5395909185060869,target,176
2020,-1.0326373841832983,stop,13
2020,-0.363251919493747,eod,354
2020,0.9707072647734853,target,18
2020,0.9711894443821028,target,17
2020,-1.019967034016782,stop,96
2020,-1.0308831337473685,stop,21
2020,0.7663039263102955,target,75
2020,-1.0363580658992897,stop,16
2020,0.894451397199137,target,13
2020,1.1509327786571666,target,11
2020,0.8055335685161248,target,34
2020,0.6146071206171596,target,80
2020,-1.0130182468792464,stop,97
2020,-1.007709824304489,stop,24
2020,-1.0087630542438084,stop,17
2020,-0.23085985427798023,eod,147
2020,-1.0082176560739213,stop,154
2020,0.8654096561654474,target,43
2020,0.9738066028731502,target,45
2020,-1.017468138465531,stop,28
2020,-1.0225117390036587,stop,27
2020,-1.0222967152881253,stop,10
2020,0.7582742131440419,target,81
2020,0.9319792415778312,target,41
2020,-1.0205658822098609,stop,101
2020,1.1997049151802703,target,35
2020,1.0507285147933463,target,4
2020,0.8605155701429625,target,52
2020,-1.0107171106483532,stop,246
2020,-1.0314294441834053,stop,13
2020,-1.0438030665757547,stop,18
2020,1.0201119955922244,target,15
2020,-1.0314227603904123,stop,63
2020,-1.0302728245168977,stop,10
2020,0.7480460871280495,target,65
2020,-1.0309205850014238,stop,9
2020,0.9480024186065565,target,16
2020,0.97835194802317,target,51
2020,-1.022986969524133,stop,10
2020,0.9697784096001312,target,69
2020,0.7528126840098986,target,30
2020,1.0894954699629378,target,15
2020,-1.0081773504421836,stop,196
2020,-1.0216425414815846,stop,73
2020,-1.0125882104942394,stop,24
2020,-1.0216940237447352,stop,13
2020,-0.26686406845343436,eod,338
2020,0.9878847904969286,target,13
2020,0.7337037052146286,target,67
2020,-0.49738477654178037,eod,324
2020,0.8238051640169086,target,62
2020,-1.0252497132950518,stop,46
2020,1.0065094529337728,target,41
2020,1.2118577981756402,target,21
2020,-1.0312963618409876,stop,45
2020,0.8835568417662054,target,57
2020,-1.0374936346861197,stop,3
2020,-1.0285760834116733,stop,22
2020,0.881532898852736,target,44
2020,0.4234682746056984,target,103
2020,-1.0259950628023655,stop,8
2020,-1.0426146574956363,stop,9
2020,-1.0696918585710222,stop,2
2020,0.9839783580649214,target,17
2020,0.5971291201467639,target,185
2020,-1.043246398229896,stop,4
2020,1.3417193908671547,target,18
2020,-1.0163471763691299,stop,70
2020,0.5378500130350479,target,175
2020,0.9292213711336549,target,5
2020,-1.0335629432441809,stop,73
2020,0.7799453948824892,target,82
2020,0.700752970310046,target,58
2020,-1.0355327600353055,stop,12
2020,0.7189289300063777,target,79
2021,-1.0208106451635997,stop,41
2021,0.7803864596664951,target,69
2021,0.6145286267163546,target,231
2021,-1.0140248240195926,stop,98
2021,0.8593003449005508,target,21
2021,0.8790641081447531,target,19
2021,-1.02659818151466,stop,29
2021,0.7115894692419092,target,65
2021,-1.0331899276936307,stop,3
2021,-0.06923108314258708,eod,179
2021,-1.0128718309212859,stop,177
2021,0.6176989728502833,target,116
2021,0.9038993255295181,target,26
2021,-1.018721713427414,stop,7
2021,0.9768957588381006,target,6
2021,-1.0075354283854863,stop,139
2021,1.0839658882762646,target,20
2021,-1.0169130216876612,stop,208
2021,-1.0267439841456678,stop,10
2021,0.9979262777141625,target,7
2021,0.6936844670539096,target,49
2021,-1.0542440996211044,stop,5
2021,-1.047309433646628,stop,33
2021,-1.0455598650484228,stop,6
2021,0.9742407876335503,target,9
2021,-1.0402707461392449,stop,43
2021,-1.0768723190961988,stop,128
2021,0.9683290953374771,target,9
2021,0.6089263458807439,target,148
2021,0.6468801162111258,target,70
2021,-0.7300985250181137,eod,301
2021,1.0158464455859975,target,55
2021,-1.012777936708536,stop,40
2021,-1.0086033477449308,stop,84
2021,-1.0219060748262476,stop,26
2021,-1.0187916073221945,stop,71
2021,-1.0083679737759983,stop,226
2021,1.01138784486013,target,29
2021,-1.0101102688117067,stop,47
2021,0.8936396707698381,target,73
2021,-1.0067541251027732,stop,220
2021,0.9024967302946872,target,19
2021,-1.0158338167789354,stop,52
2021,0.8519079491605464,target,36
2021,-1.0132526149581882,stop,125
2021,0.8566413920509911,target,25
2021,0.7596335400209819,target,61
2021,-1.0166768129932253,stop,14
2021,0.8880985708527777,target,37
2021,0.9628858279794376,target,24
2021,-1.01187666871998,stop,316
2021,-1.0124122117477434,stop,135
2021,0.9909617760997582,target,13
2021,-1.0301573127422825,stop,67
2021,-1.0420704198614505,stop,5
2021,-1.0324111260905577,stop,39
2021,-1.028462090241409,stop,3
2021,-1.0278641718768797,stop,5
2021,-1.0316212252476538,stop,74
2021,0.9394610985452193,target,11
2021,-1.0294212526460709,stop,34
2021,-1.03558586873342,stop,48
2021,0.9511125809416484,target,126
2021,0.8915520179788596,target,31
2021,-1.0239691647619025,stop,35
2021,0.8630401929393479,target,37
2021,1.2298494489449212,target,33
2021,-1.0096961717953374,stop,75
2021,0.8117903080681838,target,27
2021,0.7813133549795878,target,37
2021,0.8937288827129248,target,136
2021,-1.0094456397400362,stop,254
2021,-1.0110789012832222,stop,53
2021,0.7511238753088745,target,87
2021,-1.0154261353725038,stop,112
2021,0.8156961016381991,target,41
2021,-1.0086962805603161,stop,323
2021,-1.0406939182140478,stop,29
2021,-0.5078725813168761,eod,342
2021,0.8785405344329271,target,55
2021,0.8709712045987665,target,23
2021,0.5799490518945414,target,200
2021,1.0211748129433296,target,19
2021,-0.548614665140664,eod,157
2021,-1.026986679782996,stop,3
2021,0.687076841573189,target,118
2021,-0.7046855526814987,eod,354
2021,1.0083814412425178,target,6
2021,-1.0223072612911008,stop,23
2021,1.0049427673157503,target,49
2021,-1.0644701101863172,stop,21
2021,-1.028105159898814,stop,88
2021,0.9709789297063904,target,40
2021,-1.0131350476196725,stop,30
2021,-0.5879295147751444,eod,302
2021,-1.0312411148727882,stop,77
2021,1.182155216306993,target,33
2021,0.6464892859959919,target,144
2021,1.2247767965187697,target,26
2021,-0.6293301735356625,eod,342
2021,0.833136680680877,target,32
2021,1.0954930852021219,target,17
2021,0.9566553428323196,target,24
2021,-1.0248200157938627,stop,11
2021,-1.037070729099121,stop,28
2021,-1.0219656220022373,stop,79
2021,0.8676940138156002,target,32
2021,-1.0181031514312262,stop,23
2021,-1.021661715349779,stop,67
2021,0.6982243058528536,target,63
2021,-1.024384744794321,stop,33
2021,-1.0356339411301765,stop,60
2021,-1.0427250573647846,stop,37
2021,-1.0394819181466337,stop,45
2021,0.9413690042292624,target,43
2021,-1.0299215263404211,stop,3
2021,-1.0192255784169069,stop,22
2021,0.7120878678788253,target,281
2021,0.355031662522811,eod,354
2021,1.0362442739146818,target,8
2021,-1.030766965525657,stop,8
2021,0.9823153400842998,target,4
2021,0.7182562757576347,target,27
2021,-1.0351153807069096,stop,16
2021,1.0200281091087064,target,4
2021,0.9092561076945676,target,12
2021,-1.057929843339183,stop,10
2021,-1.027534051339635,stop,13
2021,0.8352749295385729,target,36
2021,0.9315725311440862,target,27
2021,-1.0172663638693893,stop,53
2021,-0.6652861191953027,eod,354
2021,-1.0233721375278138,stop,18
2021,0.8002575333545292,target,56
2021,0.7583682634389604,target,71
2021,0.9712220621523371,target,11
2021,-1.0425959439751287,stop,10
2021,-1.0207331589245807,stop,26
2021,0.9197717864332453,target,39
2021,0.8370173254951918,target,26
2021,-1.0330106433353865,stop,4
2021,0.825599505157139,target,77
2021,-1.022988698688501,stop,83
2021,-1.017010624049946,stop,74
2021,0.7636763771160597,target,88
2021,0.9474631697825243,target,52
2021,0.46457833287075306,target,136
2021,-1.017466786719262,stop,41
2021,-1.0093138376662478,stop,121
2021,0.81152826375885,target,63
2021,-1.019465087221699,stop,89
2021,-1.0203154157217367,stop,25
2021,-1.0083680654391807,stop,157
2021,0.9677047473080573,target,30
2021,1.1016276047840172,target,11
2021,0.8154909427058052,target,46
2021,-1.0108581176960527,stop,30
2021,-1.0181441959468691,stop,43
2021,0.7375436847393687,target,165
2021,0.4059294531778185,target,271
2021,-1.0214925361557485,stop,160
2021,1.1043703919585752,target,183
2021,-1.0152391355094328,stop,132
2021,-1.0457010019258843,stop,5
2021,-1.0266691298845974,stop,60
2021,0.9838919775666753,target,9
2021,0.891014272998134,target,37
2021,-1.0334958949925437,stop,18
2021,1.118076677583846,target,10
2021,-1.0236188478122143,stop,96
2021,0.6992132480500453,target,87
2021,1.06480828893292,target,5
2021,-1.028593757881971,stop,37
2021,-1.0313155661386815,stop,72
2021,0.8159965848058292,target,79
2021,0.9749865368476299,target,12
2021,1.6007960063503741,target,18
2021,-1.026233358554181,stop,14
2021,-1.0134599496466568,stop,228
2021,0.8259561247483683,target,75
2021,-1.0329182234190775,stop,14
2021,-1.0424961718639134,stop,8
2021,0.8760891277978166,target,28
2021,1.0027545269968892,target,8
2021,-1.0316364763365002,stop,10
2021,1.315645251520491,target,27
2021,0.7642726413440531,target,58
2021,-1.0198070015516008,stop,20
2021,-1.0128174282134494,stop,60
2021,1.073129010013078,target,33
2021,1.1086123827105436,target,36
2021,1.2966037221621973,target,7
2021,-1.010431282675905,stop,8
2021,0.9526015428255331,target,28
2021,0.8355339213543614,target,82
2021,-1.0246522312094821,stop,22
2021,0.908017364049814,target,54
2021,-1.0151182688934646,stop,27
2021,0.37370899950036396,target,255
2021,1.228485230113904,target,36
2021,-1.0096230888730144,stop,63
2021,0.9791966871504038,target,17
2021,-1.0169243871784994,stop,26
2021,-1.0203566516526312,stop,21
2021,-1.0341357679884164,stop,30
2021,-1.0155154926784205,stop,32
2021,0.9145034490915117,target,25
2021,-1.0346997761081909,stop,9
2021,-1.0323076726989875,stop,12
2021,1.42917811446164,target,7
2022,-1.0265435872044746,stop,3
2022,-1.0227981474928662,stop,118
2022,0.8608329951226796,target,14
2022,-1.0136563470049127,stop,22
2022,0.4077249045839941,target,198
2022,0.9425954343871752,target,29
2022,-1.0175552589946462,stop,29
2022,1.0920598520569458,target,18
2022,0.6472471641181767,target,183
2022,-1.0146637988852651,stop,20
2022,-1.0041214300213241,stop,123
2022,0.8326602178898787,target,48
2022,0.9515091514956711,target,17
2022,-1.011005597460112,stop,60
2022,1.20103765490778,target,25
2022,-1.0124187635594961,stop,49
2022,0.9750538790463928,target,13
2022,1.117887714779456,target,17
2022,0.6237560843166691,target,237
2022,-1.0133213699136625,stop,191
2022,-1.0127765811732656,stop,30
2022,0.929478527670741,target,90
2022,-1.0171356525625612,stop,25
2022,-1.0060552053792684,stop,65
2022,-1.0091666033167184,stop,67
2022,0.5098412605927906,target,244
2022,0.9233103911475217,target,20
2022,1.0268398082834864,target,19
2022,-1.0115907939300166,stop,33
2022,0.6689508319674121,target,124
2022,0.9880831489570794,target,17
2022,0.5944736395957082,target,204
2022,-1.0104991527065843,stop,31
2022,0.5860726292057632,target,153
2022,0.8347511435485669,target,31
2022,-1.0161869906810217,stop,10
2022,-1.0182731605802398,stop,14
2022,-1.013514503125259,stop,26
2022,-1.0280169625525304,stop,13
2022,0.8991758080424893,target,22
2022,1.1546475485427408,target,17
2022,0.859297432290089,target,35
2022,0.8662762492891651,target,48
2022,-1.01020789883061,stop,322
2022,-1.020597273812361,stop,5
2022,0.37898900066192076,target,229
2022,0.9912126669750104,target,8
2022,0.7812738404238321,target,52
2022,-1.0116412075904813,stop,328
2022,-1.0167672551778775,stop,49
2022,-1.0148308704477849,stop,8
2022,0.6313318265194908,target,78
2022,-1.0141146886902075,stop,11
2022,0.9181076786351086,target,45
2022,-1.011390932181901,stop,63
2022,-1.0205551543095237,stop,6
2022,0.9931112030336564,target,7
2022,-1.0075036120462657,stop,61
2022,0.8721386354118458,target,28
2022,0.9358202326694025,target,67
2022,1.316544070112092,target,16
2022,-1.0131238830604836,stop,5
2022,0.9606714290381759,target,8
2022,-1.0229956590652518,stop,14
2022,-1.0061775493507716,stop,32
2022,0.9872293710478804,target,15
2022,-1.010273739229584,stop,57
2022,0.9205780051042979,target,22
2022,-1.0083528450446866,stop,48
2022,-1.0101195677810566,stop,99
2022,0.9571702681240215,target,8
2022,-1.0083273704879065,stop,54
2022,0.8411620617513744,target,48
2022,-1.0180415569195995,stop,44
2022,1.1836457596920706,target,30
2022,-1.0126585954062406,stop,15
2022,0.8962064093888022,target,67
2022,-1.0099601020177178,stop,64
2022,-1.0074432745824,stop,320
2022,0.9956274836589613,target,42
2022,-1.0108551387265057,stop,76
2022,-0.26055550459362137,eod,318
2022,0.7586426624275687,target,67
2022,-1.0165107328641914,stop,8
2022,1.1048605040580048,target,15
2022,-0.2923810385405886,eod,354
2022,-1.011457817113864,stop,36
2022,0.6134531025749593,target,82
2022,0.8198120620329966,target,45
2022,-1.0165420161892222,stop,14
2022,0.5780085906991868,target,255
2022,-1.0089762973513363,stop,28
2022,1.0006196088105959,target,81
2022,-1.0093302295209523,stop,354
2022,0.9666246725916874,target,35
2022,-1.0157156733468589,stop,25
2022,1.3474578891748343,target,14
2022,0.9779321090878154,target,59
2022,1.0541773865862711,target,14
2022,1.3993698486087618,target,6
2022,-1.0132399549709323,stop,216
2022,0.9837438269371154,target,11
2022,0.7584730258866333,target,187
2022,0.8458504202954952,target,60
2022,-0.1176014408692085,eod,354
2022,1.0328924010519254,target,10
2022,-1.0140783616097426,stop,35
2022,-1.024473551401574,stop,6
2022,1.3030616752508437,target,4
2022,-1.0203369877680792,stop,20
2022,-1.0191418392127398,stop,37
2022,-1.0162482067520016,stop,127
2022,0.7816616185286349,target,42
2022,0.9490126349186929,target,32
2022,-1.0185253489655388,stop,12
2022,0.9575034559576491,target,5
2022,-1.0097325589353219,stop,102
2022,-1.0243360692601005,stop,18
2022,0.7699724011624511,target,48
2022,0.5684412265549015,target,292
2022,-1.0206513888620905,stop,18
2022,1.10425540221524,target,31
2022,1.0273744275484558,target,15
2022,-1.0283880337451474,stop,30
2022,0.4328681533968559,target,195
2022,1.058831234941697,target,9
2022,-0.3900771940439106,eod,354
2022,-1.0112916256220774,stop,267
2022,-1.0227337742582516,stop,5
2022,1.067216569588229,target,4
2022,0.7370132971105181,target,59
2022,-1.0217127940016875,stop,1
2022,1.0503953982233374,target,20
2022,-1.0133506324557076,stop,20
2022,-1.0196958542066883,stop,32
2022,1.0607592717925398,target,26
2022,-1.015718679095003,stop,16
2022,-1.0337354731490238,stop,143
2022,-1.012103727673206,stop,12
2022,-1.0141646864335523,stop,36
2022,-1.0183475735281866,stop,41
2022,1.1300562743157774,target,63
2022,0.998514068730999,target,13
2022,-1.0191773661874137,stop,23
2022,1.0450176914693363,target,9
2022,0.6317976415848555,target,78
2022,0.8661444992156888,target,48
2022,0.43446838285560657,target,301
2022,-1.0110285949244315,stop,259
2022,1.261071070337882,target,70
2022,-1.0118480837083754,stop,81
2022,-1.0081689992983827,stop,237
2022,0.8501838293910156,target,69
2022,-1.011191547425593,stop,45
2022,0.6443165006541562,target,193
2022,-1.0162796272150052,stop,18
2022,0.8194854124473225,target,44
2022,-1.006769626871545,stop,326
2022,0.9472111935949318,target,24
2022,1.171936375566834,target,40
2022,0.8185426882373472,target,69
2022,-1.0112873147034658,stop,20
2022,-1.0115729036056091,stop,44
2022,-1.0127010964890413,stop,18
2022,1.3196522162557185,target,61
2022,-1.013035708996954,stop,19
2022,-0.6036549825043083,eod,354
2022,-1.0257209601181696,stop,28
2022,1.3703860257495997,target,13
2022,-1.0075804351245943,stop,61
2022,0.6009836870211341,target,83
2022,-1.015673831623271,stop,9
2022,-1.0239623963615705,stop,65
2022,1.1050194352269547,target,28
2022,0.82563959072704,target,65
2022,-1.022359440823623,stop,32
2022,0.8262176836227972,target,72
2022,0.8185719276241473,target,58
2022,1.0489958912949215,target,11
2022,0.5290055228888864,target,159
2022,-1.0158085088548958,stop,132
2022,-1.026715083893649,stop,96
2022,-1.0247288020894303,stop,140
2022,-1.0211126843902492,stop,31
2022,1.0279188981171712,target,16
2022,0.9516975221652382,target,9
2022,-1.021064483808487,stop,6
2022,0.9919543949287732,target,61
2022,-1.0134460714316107,stop,41
2022,1.0461886754780965,target,5
2022,-1.0182873464116105,stop,34
2022,0.9149476765492254,target,131
2022,0.9446830298520587,target,14
2022,-1.0289444793146583,stop,11
2022,-1.0086474579237343,stop,177
2022,0.28483141066141304,target,286
2022,-1.0151247430589565,stop,100
2022,-1.0175349739515993,stop,30
2022,-1.0350887494681036,stop,7
2022,-1.0068546799532407,stop,145
2022,1.1191794170752303,target,14
2022,0.017398833069908883,eod,354
2022,1.0039650450936148,target,8
2022,-1.011648915093967,stop,112
2023,-1.0133828789381205,stop,18
2023,1.28861135426925,target,2
2023,-1.0141714956314718,stop,45
2023,0.46572928849940687,target,225
2023,1.4494373463567316,target,19
2023,0.8142189000170301,target,44
2023,0.9172809426237563,target,34
2023,-1.029072245188266,stop,3
2023,1.031513585928074,target,19
2023,0.6593147879253618,target,155
2023,-1.0316825769396378,stop,19
2023,-1.0135415009341502,stop,64
2023,1.067229696610574,target,6
2023,0.702489348245295,target,79
2023,0.9554176285701182,target,64
2023,-1.0193450826159964,stop,9
2023,-1.0153248930363508,stop,297
2023,-1.0150406207874763,stop,325
2023,-1.0422651180247866,stop,10
2023,-1.0095169184052122,stop,184
2023,-1.0132693221040392,stop,10
2023,1.0338168598760373,target,6
2023,1.1378926764148152,target,20
2023,1.107561184482617,target,19
2023,-1.013774987005867,stop,81
2023,0.8882663395465741,target,34
2023,0.9239592164148596,target,9
2023,-1.020857130307875,stop,113
2023,-1.016946455109308,stop,122
2023,-1.0296478829609774,stop,3
2023,-1.0275750478300116,stop,37
2023,0.801217179976799,target,31
2023,0.7378055022560375,target,36
2023,-1.0132642348730407,stop,233
2023,-1.0236900784624194,stop,20
2023,-1.039934194064995,stop,1
2023,-1.0440165346284385,stop,1
2023,0.655663092422903,target,122
2023,0.338271951639475,target,191
2023,-1.0216993255277014,stop,8
2023,-1.0325239214781454,stop,4
2023,1.011281767674744,target,16
2023,-1.0357012093959201,stop,28
2023,-1.014197419890191,stop,46
2023,-1.0318217056846635,stop,35
2023,0.3363441330618871,target,336
2023,0.7296204583746556,target,129
2023,-1.0299480060826531,stop,41
2023,1.1108706025452704,target,3
2023,-1.0190987482146434,stop,40
2023,-1.0247351261506312,stop,53
2023,0.9533812928182455,target,92
2023,-1.0162834539769683,stop,117
2023,1.0841498540635295,target,8
2023,1.0298493737914933,target,13
2023,0.11531371002735274,eod,329
2023,0.8273986658367589,target,57
2023,1.2390733378716345,target,17
2023,-1.0261786933038084,stop,39
2023,-1.0361596325743683,stop,6
2023,0.9308059565084759,target,30
2023,-1.0240053598002181,stop,25
2023,-1.0519053375441578,stop,4
2023,0.8465186460032293,target,25
2023,-1.0594718141757422,stop,9
2023,1.3335370254765868,target,9
2023,0.8502608770244096,target,50
2023,-1.0220085000941008,stop,20
2023,0.8525642282219403,target,33
2023,0.9452133744997602,target,15
2023,-1.058751762386126,stop,1
2023,0.9123064144247256,target,32
2023,-1.0346977824157626,stop,60
2023,0.8926504879835735,target,13
2023,-1.0266080599589704,stop,15
2023,0.8711695462500882,target,19
2023,1.098671514425732,target,8
2023,0.27215497135738287,target,219
2023,-1.0126021948012203,stop,36
2023,0.9787865539843847,target,177
2023,0.910578849490608,target,61
2023,-1.0270578666487005,stop,12
2023,1.1738046063324348,target,21
2023,0.9153433650500593,target,38
2023,0.49274302207100773,target,185
2023,0.8679510883489125,target,40
2023,-1.0196397040860932,stop,13
2023,-1.0202047642587,stop,51
2023,0.742888941614471,target,43
2023,1.007819160839774,target,16
2023,0.783852226391515,target,46
2023,-1.0329104202414503,stop,34
2023,-1.0156720945441138,stop,88
2023,-0.10678239842300188,eod,179
2023,-1.0230635116305682,stop,6
2023,-1.0170647909856074,stop,50
2023,-1.0216033913585483,stop,15
2023,0.9207676354397494,target,33
2023,1.0873102679277147,target,8
2023,-1.0390597103932624,stop,10
2023,0.9369151811035547,target,66
2023,-0.3296362885023417,eod,349
2023,1.1317478630660778,target,8
2023,1.1236318572713415,target,27
2023,0.7542379132362188,target,80
2023,0.6694981038548745,target,144
2023,0.937878786858821,target,10
2023,-1.026998213582345,stop,7
2023,0.7931578197278994,target,79
2023,0.7173696502048078,target,45
2023,-1.023074606319996,stop,193
2023,0.996761365316631,target,13
2023,-1.0319987011166816,stop,7
2023,0.9062444956684882,target,15
2023,0.9270078171463644,target,15
2023,0.9292309509235962,target,31
2023,-1.026684022582727,stop,8
2023,0.35021653548746684,target,223
2023,0.9322965333153204,target,11
2023,0.8247949186567256,target,17
2023,-1.012899179308204,stop,49
2023,0.9671504270178028,target,6
2023,0.7887681824450284,target,32
2023,1.6123246247077359,target,8
2023,0.3063035101426113,target,253
2023,-1.0148144047263803,stop,51
2023,1.229094687270477,target,45
2023,-1.0172909582376566,stop,35
2023,0.7317184725254474,target,115
2023,-1.0231480522621528,stop,25
2023,1.0134936311027498,target,26
2023,0.9400003010530733,target,19
2023,-1.0193068106058272,stop,25
2023,-1.0096864005250625,stop,22
2023,0.9244013383908556,target,6
2023,-1.0201129095635537,stop,15
2023,1.1237382791368458,target,22
2023,-1.0303274150297097,stop,34
2023,0.18769505262624692,eod,306
2023,0.9519967571937116,target,29
2023,0.9669427380883462,target,3
2023,-1.0421289773245785,stop,2
2023,0.831992488102364,target,49
2023,-1.0357171259800229,stop,5
2023,-1.0225788587244187,stop,51
2023,-1.0330704686235057,stop,18
2023,-1.0102280485235284,stop,197
2023,0.8868493826435786,target,21
2023,0.3882544954945367,target,189
2023,-1.0317000540111902,stop,67
2023,0.8672666979516594,target,38
2023,1.0215328024729795,target,9
2023,-1.0189619308131037,stop,18
2023,1.0319582213887708,target,18
2023,0.9783625199390151,target,13
2023,0.9198499362752802,target,25
2023,-1.0145170771569316,stop,11
2023,-1.010898635594195,stop,291
2023,-1.022174543771214,stop,7
2023,-1.0097399452843876,stop,53
2023,1.2055819629502063,target,3
2023,-1.0433776524188012,stop,24
2023,0.8560026605514575,target,20
2023,-1.0202676848362924,stop,5
2023,-1.016195440629205,stop,27
2023,1.2120711115858456,target,9
2023,0.9866746700307447,target,10
2023,-1.0376260561784179,stop,18
2023,-1.0131957697819722,stop,71
2023,1.1381319199145663,target,3
2023,-1.010365112213418,stop,184
2023,0.9157263528594922,target,28
2023,1.1071349401011672,target,5
2023,0.9960580230245258,target,18
2023,-1.0135055632634156,stop,254
2023,-0.4290758866054927,eod,353
2023,1.1025935097384527,target,8
2023,-1.0205954994920217,stop,42
2023,0.6640622005586093,target,84
2023,1.2203534863791488,target,8
2023,0.9103319329137444,target,14
2023,1.3419412575941292,target,17
2023,0.9083574736556249,target,11
2023,-1.015050666102069,stop,183
2023,0.4552612665734613,target,234
2023,-1.04207507626454,stop,38
2023,-1.0325329870036934,stop,108
2023,-1.0504115533167753,stop,2
2023,-1.0170729017131308,stop,42
2023,0.7812526141081962,target,46
2023,-1.0114367588922246,stop,37
2023,-1.0244113309026115,stop,22
2023,1.1095685128383277,target,14
2023,-0.6505703816059439,eod,333
2023,-1.023975423513134,stop,7
2023,0.8558314305918104,target,94
2023,1.068995111200055,target,9
2023,-1.038148143172905,stop,15
2023,-1.0321836858787736,stop,48
2023,-1.041885283240846,stop,18
2023,0.8708045620529593,target,22
2023,-1.0286121051311334,stop,26
2023,0.7479518558864678,target,39
2023,1.2273233183185712,target,7
2023,0.775895513440499,target,38
2023,-1.0612089902797341,stop,7
2024,0.6935231068763078,target,169
2024,-1.015255235887458,stop,36
2024,-1.010351064262552,stop,201
2024,1.0516559878423573,target,10
2024,-1.019226943289458,stop,2
2024,-1.0234143740343897,stop,9
2024,1.0426440993038926,target,64
2024,0.9906976186710486,target,5
2024,1.1093301922228611,target,5
2024,-1.0221134294934269,stop,27
2024,0.7108513439211188,target,105
2024,-1.023395187576945,stop,96
2024,-1.0306281792976757,stop,136
2024,-1.0212055933119333,stop,23
2024,1.1352979656879472,target,4
2024,-1.0158514749186052,stop,68
2024,-1.043867068730365,stop,4
2024,-1.0233173201069716,stop,25
2024,-1.016215648666387,stop,16
2024,0.8448904732404957,target,24
2024,-1.0282504395454877,stop,19
2024,1.0182836490236435,target,9
2024,0.870029277823631,target,32
2024,0.717748080220703,target,132
2024,0.9910371374071951,target,76
2024,0.9349783044506642,target,20
2024,-1.0124134860572485,stop,135
2024,0.8849222426413582,target,39
2024,0.8696064452043148,target,41
2024,-1.023094965985179,stop,56
2024,0.9002275471299779,target,36
2024,-1.0117054722595422,stop,25
2024,0.8306813725504115,target,29
2024,-1.0216575369171081,stop,29
2024,0.9377593028674382,target,31
2024,-1.0147135228802557,stop,23
2024,0.6641138879046253,target,181
2024,1.3530623491653972,target,30
2024,0.8466992448293041,target,47
2024,1.0771610685419748,target,44
2024,-1.023686496483866,stop,2
2024,1.0066731883468858,target,9
2024,-1.0196831832800668,stop,35
2024,-1.0329233111530964,stop,2
2024,-1.019291523080371,stop,49
2024,-1.0278870944155694,stop,26
2024,-1.018927680426019,stop,2
2024,-1.0093444410147319,stop,171
2024,-1.0170847081032297,stop,133
2024,0.9006706254433204,target,15
2024,-1.0179177926663667,stop,48
2024,-1.028475922947328,stop,5
2024,-1.0109765371308501,stop,129
2024,-1.0256595295282749,stop,17
2024,-1.0233202262378926,stop,14
2024,0.9720721793975409,target,18
2024,-1.021085965505944,stop,2
2024,0.762576162456942,target,134
2024,-1.037554041884734,stop,26
2024,0.8337606927359301,target,65
2024,-1.0293543846998727,stop,25
2024,0.5033867983244139,target,221
2024,-1.0288483907825516,stop,3
2024,-1.0159353296842126,stop,114
2024,0.9465653687709311,target,6
2024,1.0413705278075607,target,13
2024,-1.0221162300097926,stop,175
2024,-1.0307716101090212,stop,299
2024,0.9475830454803589,target,7
2024,0.6631237392793099,target,94
2024,-1.0287704975477574,stop,26
2024,-1.0392719359514244,stop,32
2024,1.033370695041716,target,31
2024,-1.0257428341692851,stop,9
2024,-1.0157561942283257,stop,11
2024,-1.0179128507675899,stop,84
2024,0.9744991840498194,target,4
2024,-1.0155146255000842,stop,40
2024,1.2878002117091802,target,23
2024,0.8944741533093513,target,24
2024,-1.0426829610481787,stop,25
2024,-1.0291449718657926,stop,18
2024,-1.0382506832245415,stop,5
2024,0.9578816820895214,target,12
2024,1.001381204112455,target,13
2024,-1.016339805049799,stop,10
2024,-1.019045654615177,stop,20
2024,-1.023415193898911,stop,30
2024,0.9791202071696575,target,35
2024,-1.0221223208573895,stop,3
2024,1.1837534265743153,target,11
2024,-1.0137474686224914,stop,181
2024,0.9931361304696401,target,19
2024,-1.1077250688976266,stop,16
2024,-1.023584151469463,stop,90
2024,0.9579938123680757,target,26
2024,0.8894043619875474,target,11
2024,0.7659731633399525,target,19
2024,-1.0198867754539536,stop,4
2024,-1.0186347047619926,stop,39
2024,-1.023541500721247,stop,31
2024,-1.0241608108822762,stop,3
2024,-1.0067518531230435,stop,164
2024,-1.0210900353005623,stop,2
2024,0.9205062174531004,target,37
2024,1.1619994604147963,target,17
2024,-1.006895945188241,stop,120
2024,-1.0110473554197748,stop,9
2024,1.5312640324789177,target,10
2024,-1.0131551064318096,stop,27
2024,-1.0141645962746486,stop,9
2024,0.6630677015804753,target,99
2024,-1.0054283544141538,stop,123
2024,0.9834291326832381,target,8
2024,1.1111196439316597,target,7
2024,-1.0085259533228692,stop,159
2024,-1.019942443745871,stop,11
2024,-0.6833004991387363,eod,354
2024,1.1457342526306338,target,9
2024,0.9900118264460024,target,11
2024,1.4839482029921116,target,15
2024,-1.0196152477274378,stop,40
2024,-1.0167176067818982,stop,10
2024,-1.0209633619875902,stop,8
2024,0.6481717331047977,target,68
2024,-1.0179960538697934,stop,45
2024,0.6026285264553075,target,267
2024,1.0968341257461383,target,25
2024,-0.08069113276386547,eod,144
2024,-1.0079370698430514,stop,45
2024,-1.0183039867373536,stop,22
2024,1.3168599814087325,target,50
2024,-1.010293130128154,stop,30
2024,0.9972010123265511,target,20
2024,-1.015262552826159,stop,5
2024,-1.023219586233512,stop,20
2024,1.2099921108249776,target,22
2024,0.6676826053666463,target,187
2024,1.06577890298659,target,14
2024,1.4750284291373668,target,18
2024,0.19604208418426358,eod,327
2024,-1.0334512198698844,stop,52
2024,-1.0209071289918852,stop,3
2024,0.7282615244423506,target,112
2024,-1.0103828234193397,stop,24
2024,0.8989426994702653,target,17
2024,-1.0061963894498156,stop,70
2024,-1.0199549834335007,stop,30
2024,1.0485833143016252,target,22
2024,-1.011118869451995,stop,297
2024,-1.031709191203871,stop,13
2024,0.7389949664925105,target,38
2024,0.8387722222397999,target,59
2024,-1.0360239533637932,stop,7
2024,1.0938270131941976,target,22
2024,0.867210539627189,target,46
2024,0.8432132397272389,target,33
2024,0.8587535017737842,target,123
2024,-1.019366013949805,stop,4
2024,0.5739856088002252,target,200
2024,-1.027879604915537,stop,19
2024,-1.0076360104172515,stop,113
2024,-1.0229421101827574,stop,12
2024,-0.21245428447793888,eod,354
2024,-0.3953296045906666,eod,323
2024,-1.0104154974657453,stop,240
2024,-1.0154926379361393,stop,192
2024,-1.02481063619037,stop,7
2024,-1.02323767228967,stop,19
2024,-1.0088446984764499,stop,47
2024,-1.0169281401182593,stop,8
2024,-1.0098670875274502,stop,10
2024,1.0042829179627462,target,10
2024,1.2144963801792839,target,10
2024,0.6037379579437678,target,91
2024,-1.0154198854335699,stop,23
2024,-0.010047872502435148,eod,179
2024,-1.0214840732113877,stop,18
2024,-0.3459660872361495,eod,354
2024,-1.018320087418561,stop,304
2024,0.9074926698436785,target,27
2024,-0.5853002248078022,eod,354
2024,-1.0273349465184296,stop,3
2024,0.7565345430108363,target,46
2024,-0.7018050449927233,eod,354
2024,0.9450511854748025,target,13
2024,0.5191616348380189,target,187
2024,-1.0116530704960012,stop,153
2024,0.6036705437309913,target,61
2024,0.9564358896301837,target,16
2024,-1.008515851631308,stop,22
2024,-1.0156993381621198,stop,4
2024,-1.0135630489088756,stop,72
2024,-1.0068031931786312,stop,33
2024,0.9868479839259776,target,15
2025,1.042323317591534,target,13
2025,-1.0225768828359865,stop,2
2025,1.2401801636592775,target,22
2025,0.9707679339358986,target,49
2025,1.2118583218563235,target,8
2025,1.1252509137305737,target,60
2025,1.0779552992148316,target,17
2025,0.3164031503914725,target,350
2025,1.1346674686743539,target,3
2025,-1.0114174216614271,stop,7
2025,-1.0121503077433949,stop,155
2025,-1.015399361366183,stop,27
2025,-1.015929830968558,stop,56
2025,-1.0086621349569782,stop,17
2025,-1.0093286236918706,stop,100
2025,-1.018480567921742,stop,59
2025,0.9211821011938928,target,16
2025,-1.0157313050530106,stop,3
2025,-0.1891835589070323,eod,349
2025,-1.0198160586848535,stop,48
2025,-1.0161467158134307,stop,36
2025,1.0689722583232184,target,28
2025,-1.0175871586404281,stop,31
2025,0.6654070997125344,target,46
2025,1.2005694463212044,target,163
2025,-1.0169639002572488,stop,24
2025,-1.0110635817697058,stop,4
2025,-1.0112885394500555,stop,17
2025,1.007753112085793,target,17
2025,-1.0060987355252458,stop,302
2025,-1.0145717642958973,stop,16
2025,1.2160153243109282,target,29
2025,0.6902321160478812,target,113
2025,0.790188545976992,target,116
2025,-1.0135544997578765,stop,14
2025,-1.0061960011326654,stop,45
2025,0.9372805692341024,target,30
2025,1.270975907151966,target,17
2025,-1.010171368299139,stop,253
2025,0.6631093484709077,target,291
2025,-1.018339550562026,stop,9
2025,0.7898132362762641,target,104
2025,-0.6233819372937417,eod,353
2025,-1.0187864400300577,stop,32
2025,-1.0130808668377234,stop,20
2025,-1.0141806106913787,stop,24
2025,-1.0165640904095243,stop,5
2025,-1.0170746174608918,stop,12
2025,-1.008610377441174,stop,29
2025,-0.7497544902500315,eod,320
2025,-1.0034939629116926,stop,11
2025,0.8195568082473621,target,72
2025,-1.003476570158666,stop,199
2025,-1.0039198479475075,stop,104
2025,0.9239835877309691,target,20
2025,0.9149857564049779,target,16
2025,0.9897998982964786,target,41
2025,-1.0101561063790898,stop,13
2025,-1.0077180482838197,stop,92
2025,-1.0078563830378564,stop,119
2025,0.7661705067669029,target,71
2025,-1.0062652970707306,stop,140
2025,0.9444954065615121,target,15
2025,1.0627249499694116,target,5
2025,-0.18991356019167738,eod,338
2025,1.105992933104286,target,5
2025,1.0311444772796405,target,17
2025,0.5023100797304031,target,140
2025,1.1274233787340728,target,25
2025,-1.0165009953219348,stop,10
2025,-1.0073660503573947,stop,59
2025,-1.022706619226448,stop,9
2025,-1.0092784917451325,stop,175
2025,1.006975870762928,target,30
2025,-1.0145630019971852,stop,12
2025,1.2973100948067657,target,54
2025,-1.0132124160725269,stop,127
2025,-1.0065796969882825,stop,118
2025,-1.0104319699442268,stop,227
2025,-1.012762233877248,stop,120
2025,0.9740606326062875,target,5
2025,1.1552365581539072,target,14
2025,-1.027112334968659,stop,11
2025,0.8884977469859565,target,53
2025,-1.0166976999712558,stop,54
2025,-0.02496597648249204,eod,354
2025,0.8132425627883948,target,48
2025,0.4709623427373633,target,167
2025,0.10055897967150892,eod,179
2025,-0.2822737976066316,eod,309
2025,0.4106938207631585,target,143
2025,-1.0203031972939753,stop,180
2025,0.9276427373847853,target,58
2025,-1.0212920904556928,stop,11
2025,-1.0148582830618658,stop,42
2025,-1.012845720748799,stop,101
2025,1.093756171170916,target,23
2025,0.9122897330687697,target,26
2025,0.8188481579999343,target,31
2025,1.1347892437858522,target,86
2025,0.7970442658893342,target,58
2025,-1.017521219404809,stop,46
2025,1.150174591503846,target,17
2025,-1.0196674251075115,stop,63
2025,-1.0497568952724121,stop,10
2025,0.5137315481976595,target,343
2025,0.9919521132768956,target,94
2025,1.1456460715777461,target,60
2025,-1.0366555872849248,stop,9
2025,-1.0219305302686623,stop,33
2025,0.9548277347980865,target,4
2025,-1.0108165871773538,stop,44
2025,1.0411624472552499,target,122
2025,-0.24151772367140253,eod,354
2025,-1.0304796405236432,stop,10
2025,0.9001038303589705,target,21
2025,-1.018835225031414,stop,32
2025,0.8251293321631549,target,36
2025,-1.0181998094444689,stop,45
2025,0.9070608826324127,target,51
2025,1.0049450279389398,target,13
2025,1.0331402580547915,target,104
2025,-1.0150769443201435,stop,16
2025,-1.0077006030076283,stop,41
2025,1.0204919046353162,target,9
2025,-1.0106879265229045,stop,8
2025,-1.0197447151510302,stop,76
2025,0.5130924794265138,target,223
2025,-0.9232535812991872,eod,299
2025,-1.0103042047644766,stop,14
2025,1.0745679306842122,target,6
2025,-1.032904418735278,stop,3
2025,-1.0136018352251595,stop,8
2025,0.5990434363914386,target,139
2025,1.7909702620380423,target,9
2025,-1.0219738898863138,stop,72
2025,0.8957940765332065,target,11
2025,-0.39235023338963826,eod,354
2025,-1.0309914430813016,stop,42
2025,0.3567576921724014,target,318
2025,0.9238806668703458,target,38
2025,-1.0210916668611598,stop,47
2025,1.2071224664404923,target,41
2025,-1.0224204284318605,stop,73
2025,1.0387307724063146,target,6
2025,0.7445604180428601,target,65
2025,1.0432503942641358,target,6
2025,-1.0136585984252038,stop,79
2025,-1.0275363110763105,stop,9
2025,-1.0163696157836744,stop,109
2025,-1.0222354848901454,stop,34
2025,-1.0285580153081648,stop,1
2025,1.0180684846904784,target,22
2025,0.6051452089229485,target,90
2025,0.7948072966565837,target,50
2025,0.7704074573733339,target,76
2025,-1.0096216929406092,stop,108
2025,1.0754633439860768,target,19
2025,-1.0210446612576023,stop,4
2025,-1.0110121858658512,stop,213
2025,-1.0153969785604693,stop,280
2025,1.0169970275323497,target,48
2025,0.938460943064444,target,39
2025,0.8469947639942399,target,91
2025,-1.007304859840693,stop,157
2025,-1.0090036805014213,stop,37
2025,0.4263825319046608,target,264
2025,0.4862973190088644,target,134
2025,0.7690640559817588,target,125
2025,-1.0055853164583568,stop,160
2025,0.20018473988691177,eod,309
2025,-1.0071496698862894,stop,62
2025,1.049126220393824,target,65
2025,1.1917428525906753,target,14
2025,0.93600405630936,target,51
2025,-1.0071666675351658,stop,68
2025,0.9137511235463162,target,27
2025,-1.0179007745191564,stop,21
2025,0.34723939580438345,eod,179
2025,0.8963745224663899,target,36
2025,-1.0117664025140012,stop,114
2025,0.5763538746510944,target,73
2025,0.8829878772209523,target,37
2025,0.7653055680026085,target,53
2025,-1.0226294935241411,stop,12
2025,-1.0201076685544779,stop,27
2025,1.0830557026223009,target,12
2025,-1.0127402866625164,stop,5
2025,-1.0103890498103727,stop,21
2025,1.1023625660026264,target,18
2025,-1.0102829388855572,stop,8
2025,0.7264903780315197,target,97
2025,-0.07010110818416099,eod,354
2025,0.8839736779239341,target,38
2025,0.9410898034713565,target,20
2025,-1.0718757834133283,stop,11
2025,1.1780979992205896,target,22
2025,1.0588120022592171,target,7
2025,0.6738086354745357,target,197
2026,-1.009708320513127,stop,8
2026,0.6576439248206778,target,160
2026,1.0166679607336797,target,55
2026,0.7890858089383033,target,33
2026,1.115448607295912,target,28
2026,1.2254870770839068,target,4
2026,-0.3648763096355151,eod,329
2026,0.8096721275801079,target,58
2026,0.39985011550054117,target,332
2026,-1.0161672349056023,stop,29
2026,0.7117720350323559,target,120
2026,-1.0103035345458422,stop,35
2026,-1.0170240336448346,stop,21
2026,-0.1428885162166968,eod,354
2026,-1.0169343735727017,stop,313
2026,-1.0175453652135793,stop,67
2026,-1.0055649788679604,stop,40
2026,-0.435228161104651,eod,354
2026,-1.0060255716941322,stop,132
2026,-1.0088179780631776,stop,99
2026,0.4945752223300153,target,89
2026,-1.0080464152724158,stop,75
2026,0.7494409566767196,target,55
2026,-1.008891690320397,stop,10
2026,-1.0123969055867592,stop,41
2026,1.0764484798718619,target,5
2026,0.21609559128448907,eod,157
2026,1.081065567119386,target,19
2026,-1.0107090588077545,stop,6
2026,1.653002159532671,target,5
2026,-1.0123610692442853,stop,17
2026,-1.012133107024069,stop,8
2026,-0.30029840174922373,eod,354
2026,-1.011039672822881,stop,14
2026,-1.0061666767210935,stop,132
2026,0.8879203025341038,target,41
2026,-1.005308437312118,stop,101
2026,1.2107236823693057,target,20
2026,-1.0053248277830085,stop,108
2026,-1.0103587937794216,stop,158
2026,1.4987066904086106,target,23
2026,-1.0100282508012453,stop,19
2026,-1.0076716494863127,stop,173
2026,0.798068712501922,target,134
2026,-1.0066303044368916,stop,318
2026,-1.0069242348299499,stop,262
2026,1.3186856241986722,target,12
2026,-1.0081653759871503,stop,150
2026,-1.0050002862024001,stop,341
2026,-1.0051888281265053,stop,161
2026,-1.010149097447203,stop,91
2026,-0.07501013468951567,eod,318
2026,-1.0099446486306578,stop,8
2026,0.9322165415882776,target,32
2026,0.7511441530348738,target,69
2026,-1.0065923782003114,stop,332
2026,-1.0113457630503333,stop,82
2026,-1.0264378808654495,stop,14
2026,1.1377424815285955,target,37
2026,0.12066186345400756,eod,312
2026,0.9753749783714554,target,13
2026,-1.021863126968866,stop,15
2026,0.7591487337613672,target,126
2026,0.8667417577365328,target,122
2026,0.7187755013495492,target,208
2026,0.9694228114886778,target,36
2026,0.933165485975753,target,47
2026,0.13536280587802393,eod,354
2026,-1.017977871738809,stop,12
2026,-1.0053471489778711,stop,185
2026,1.025289086832683,target,14
2026,0.8988800330692635,target,19
2026,-1.012659987170302,stop,38
2026,-1.0059318056231346,stop,255
2026,-1.0080136327121212,stop,11
2026,-1.0073227596198966,stop,59
2026,1.0742228079711846,target,60
2026,1.0686463310199918,target,7
2026,-1.0110701826128399,stop,35
2026,0.7802413833444493,target,242
2026,-1.0085494656650626,stop,74
2026,1.2156897795089903,target,25
2026,1.000349064350123,target,32
2026,-1.0096381824716667,stop,127
2026,1.0097740452825004,target,19
2026,-1.0049290656601728,stop,128
2026,0.593059386042654,target,279
2026,-1.0052143373736944,stop,30
2026,0.8507872216044051,target,46
2026,1.127339246934285,target,49
2026,0.8132032796163644,target,52
2026,-1.0152541513893187,stop,5
2026,1.219475932973866,target,10
2026,-1.0076927965097437,stop,152
2026,0.9528198400609253,target,22
2026,-1.0094728299133569,stop,17
2026,1.0358299291518387,target,129
2026,-1.0061665754516291,stop,5
2026,-1.006918962541518,stop,113
2026,0.9855874563680306,target,17
2026,0.4608243372373314,target,201
2026,-1.005587325881606,stop,23
2026,0.9541956622368818,target,16
2026,0.8864108016100218,target,20
2026,-1.0087974532198656,stop,6
2026,0.5270870667092963,target,272
2026,-0.21880417819361214,eod,303
2026,0.7553464935935846,target,74
2026,-1.0066597636682595,stop,20
2026,0.745272668681843,target,48
2026,-1.006177628112968,stop,102
2026,-0.204427322475805,eod,354
2026,-1.0067834478861186,stop,7
2026,-1.0078744410725804,stop,29
2026,-1.0033354669414405,stop,201
2026,-1.0101048637582724,stop,77
2026,0.6881361065575698,target,103
2026,-0.06746548784984842,eod,354
2026,-1.018685890465907,stop,46
2026,1.0435229463300173,target,31
2026,0.8290946043868445,target,30
2026,0.786096748465662,target,61
2026,0.795864162438606,target,91
2026,1.02283830944041,target,21
2026,1.044710646236228,target,2
