date,pnl_pc,stop_pt,r,exit_reason
2019-01-02,273.0,22.5,6.066666666666666,
2019-01-03,-47.0,22.5,-1.0444444444444445,
2019-01-04,326.0,22.5,7.2444444444444445,
2019-01-07,-47.0,22.5,-1.0444444444444445,
2019-01-08,-47.0,22.5,-1.0444444444444445,
2019-01-09,-47.0,22.5,-1.0444444444444445,
2019-01-10,-47.0,22.5,-1.0444444444444445,
2019-01-11,-47.0,22.5,-1.0444444444444445,
2019-01-14,-47.0,22.5,-1.0444444444444445,
2019-01-15,167.5,22.5,3.7222222222222223,
2019-01-16,-47.0,22.5,-1.0444444444444445,
2019-01-17,123.0,22.5,2.7333333333333334,
2019-01-18,-47.0,22.5,-1.0444444444444445,
2019-01-21,-18.0,22.5,-0.4,
2019-01-22,116.0,22.5,2.577777777777778,
2019-01-23,-47.0,22.5,-1.0444444444444445,
2019-01-24,-47.0,22.5,-1.0444444444444445,
2019-01-25,-47.0,22.5,-1.0444444444444445,
2019-01-28,-47.0,22.5,-1.0444444444444445,
2019-01-29,95.0,22.5,2.111111111111111,
2019-01-30,-47.0,22.5,-1.0444444444444445,
2019-01-31,97.0,22.5,2.1555555555555554,
2019-02-01,-47.0,22.5,-1.0444444444444445,
2019-02-04,144.5,22.5,3.2111111111111112,
2019-02-05,58.5,22.5,1.3,
2019-02-06,-47.0,22.5,-1.0444444444444445,
2019-02-07,-47.0,22.5,-1.0444444444444445,
2019-02-08,-47.0,22.5,-1.0444444444444445,
2019-02-11,-47.0,22.5,-1.0444444444444445,
2019-02-12,72.5,22.5,1.6111111111111112,
2019-02-13,-47.0,22.5,-1.0444444444444445,
2019-02-14,36.5,22.5,0.8111111111111111,
2019-02-15,-47.0,22.5,-1.0444444444444445,
2019-02-18,20.5,22.5,0.45555555555555555,
2019-02-19,32.5,22.5,0.7222222222222222,
2019-02-20,-47.0,22.5,-1.0444444444444445,
2019-02-21,-47.0,22.5,-1.0444444444444445,
2019-02-22,51.0,22.5,1.1333333333333333,
2019-02-25,-47.0,22.5,-1.0444444444444445,
2019-02-26,41.0,22.5,0.9111111111111111,
2019-02-27,-47.0,22.5,-1.0444444444444445,
2019-02-28,-3.0,22.5,-0.06666666666666667,
2019-03-04,-47.0,22.5,-1.0444444444444445,
2019-03-05,-47.0,22.5,-1.0444444444444445,
2019-03-06,83.5,22.5,1.8555555555555556,
2019-03-07,119.5,22.5,2.6555555555555554,
2019-03-08,115.0,22.5,2.5555555555555554,
2019-03-11,197.0,22.5,4.377777777777778,
2019-03-12,-47.0,22.5,-1.0444444444444445,
2019-03-13,11.0,22.5,0.24444444444444444,
2019-03-14,18.5,22.5,0.4111111111111111,
2019-03-15,39.0,22.5,0.8666666666666667,
2019-03-18,-47.0,22.5,-1.0444444444444445,
2019-03-19,-47.0,22.5,-1.0444444444444445,
2019-03-20,-47.0,22.5,-1.0444444444444445,
2019-03-21,247.0,22.5,5.488888888888889,
2019-03-22,-47.0,22.5,-1.0444444444444445,
2019-03-25,-47.0,22.5,-1.0444444444444445,
2019-03-26,-47.0,22.5,-1.0444444444444445,
2019-03-27,-47.0,22.5,-1.0444444444444445,
2019-03-28,-47.0,22.5,-1.0444444444444445,
2019-03-29,-33.0,22.5,-0.7333333333333333,
2019-04-01,-47.0,22.5,-1.0444444444444445,
2019-04-02,-47.0,22.5,-1.0444444444444445,
2019-04-03,-47.0,22.5,-1.0444444444444445,
2019-04-04,-47.0,22.5,-1.0444444444444445,
2019-04-05,18.5,22.5,0.4111111111111111,
2019-04-08,-47.0,22.5,-1.0444444444444445,
2019-04-09,-47.0,22.5,-1.0444444444444445,
2019-04-10,-47.0,22.5,-1.0444444444444445,
2019-04-11,20.0,22.5,0.4444444444444444,
2019-04-12,-16.5,22.5,-0.36666666666666664,
2019-04-15,-47.0,22.5,-1.0444444444444445,
2019-04-16,-47.0,22.5,-1.0444444444444445,
2019-04-17,31.0,22.5,0.6888888888888889,
2019-04-18,-35.5,22.5,-0.7888888888888889,
2019-04-22,93.5,22.5,2.077777777777778,
2019-04-23,139.5,22.5,3.1,
2019-04-24,38.0,22.5,0.8444444444444444,
2019-04-25,28.5,22.5,0.6333333333333333,
2019-04-26,-47.0,22.5,-1.0444444444444445,
2019-04-29,9.5,22.5,0.2111111111111111,
2019-04-30,-47.0,22.5,-1.0444444444444445,
2019-05-01,-47.0,22.5,-1.0444444444444445,
2019-05-02,-47.0,22.5,-1.0444444444444445,
2019-05-03,100.0,22.5,2.2222222222222223,
2019-05-06,164.5,22.5,3.6555555555555554,
2019-05-07,-47.0,22.5,-1.0444444444444445,
2019-05-08,-47.0,22.5,-1.0444444444444445,
2019-05-09,-47.0,22.5,-1.0444444444444445,
2019-05-10,-47.0,22.5,-1.0444444444444445,
2019-05-13,-47.0,22.5,-1.0444444444444445,
2019-05-14,-47.0,22.5,-1.0444444444444445,
2019-05-15,257.0,22.5,5.711111111111111,
2019-05-16,84.0,22.5,1.8666666666666667,
2019-05-17,-47.0,22.5,-1.0444444444444445,
2019-05-20,-47.0,22.5,-1.0444444444444445,
2019-05-21,-47.0,22.5,-1.0444444444444445,
2019-05-22,-24.0,22.5,-0.5333333333333333,
2019-05-23,-47.0,22.5,-1.0444444444444445,
2019-05-24,-47.0,22.5,-1.0444444444444445,
2019-05-27,-12.0,22.5,-0.26666666666666666,
2019-05-28,-47.0,22.5,-1.0444444444444445,
2019-05-29,-47.0,22.5,-1.0444444444444445,
2019-05-30,-47.0,22.5,-1.0444444444444445,
2019-05-31,-47.0,22.5,-1.0444444444444445,
2019-06-03,-47.0,22.5,-1.0444444444444445,
2019-06-04,-47.0,22.5,-1.0444444444444445,
2019-06-05,-47.0,22.5,-1.0444444444444445,
2019-06-06,-47.0,22.5,-1.0444444444444445,
2019-06-07,195.5,22.5,4.344444444444444,
2019-06-10,8.0,22.5,0.17777777777777778,
2019-06-11,-47.0,22.5,-1.0444444444444445,
2019-06-12,-47.0,22.5,-1.0444444444444445,
2019-06-13,-47.0,22.5,-1.0444444444444445,
2019-06-14,-47.0,22.5,-1.0444444444444445,
2019-06-17,42.0,22.5,0.9333333333333333,
2019-06-18,-47.0,22.5,-1.0444444444444445,
2019-06-19,-47.0,22.5,-1.0444444444444445,
2019-06-20,36.0,22.5,0.8,
2019-06-21,-10.5,22.5,-0.23333333333333334,
2019-06-24,22.5,22.5,0.5,
2019-06-25,243.0,22.5,5.4,
2019-06-26,-47.0,22.5,-1.0444444444444445,
2019-06-27,-47.0,22.5,-1.0444444444444445,
2019-06-28,-11.5,22.5,-0.25555555555555554,
2019-07-01,54.0,22.5,1.2,
2019-07-02,-47.0,22.5,-1.0444444444444445,
2019-07-03,-47.0,22.5,-1.0444444444444445,
2019-07-04,4.5,22.5,0.1,
2019-07-05,-47.0,22.5,-1.0444444444444445,
2019-07-08,-16.0,22.5,-0.35555555555555557,
2019-07-09,128.0,22.5,2.8444444444444446,
2019-07-10,-47.0,22.5,-1.0444444444444445,
2019-07-12,56.0,22.5,1.2444444444444445,
2019-07-15,-28.5,22.5,-0.6333333333333333,
2019-07-17,-47.0,22.5,-1.0444444444444445,
2019-07-18,-47.0,22.5,-1.0444444444444445,
2019-07-19,210.5,22.5,4.677777777777778,
2019-07-22,74.0,22.5,1.6444444444444444,
2019-07-23,-37.0,22.5,-0.8222222222222222,
2019-07-24,142.5,22.5,3.1666666666666665,
2019-07-25,52.5,22.5,1.1666666666666667,
2019-07-26,18.0,22.5,0.4,
2019-07-29,8.5,22.5,0.18888888888888888,
2019-07-30,37.0,22.5,0.8222222222222222,
2019-07-31,224.0,22.5,4.977777777777778,
2019-08-01,-47.0,22.5,-1.0444444444444445,
2019-08-02,-47.0,22.5,-1.0444444444444445,
2019-08-05,203.0,22.5,4.511111111111111,
2019-08-06,-47.0,22.5,-1.0444444444444445,
2019-08-07,-47.0,22.5,-1.0444444444444445,
2019-08-08,224.0,22.5,4.977777777777778,
2019-08-09,-47.0,22.5,-1.0444444444444445,
2019-08-12,-47.0,22.5,-1.0444444444444445,
2019-08-13,336.5,22.5,7.477777777777778,
2019-08-14,178.0,22.5,3.9555555555555557,
2019-08-15,-47.0,22.5,-1.0444444444444445,
2019-08-19,-47.0,22.5,-1.0444444444444445,
2019-08-20,-47.0,22.5,-1.0444444444444445,
2019-08-21,-47.0,22.5,-1.0444444444444445,
2019-08-22,-47.0,22.5,-1.0444444444444445,
2019-08-23,-47.0,22.5,-1.0444444444444445,
2019-08-26,-47.0,22.5,-1.0444444444444445,
2019-08-27,110.0,22.5,2.4444444444444446,
2019-08-28,-47.0,22.5,-1.0444444444444445,
2019-08-29,-47.0,22.5,-1.0444444444444445,
2019-08-30,98.5,22.5,2.188888888888889,
2019-09-02,80.0,22.5,1.7777777777777777,
2019-09-03,-47.0,22.5,-1.0444444444444445,
2019-09-04,-47.0,22.5,-1.0444444444444445,
2019-09-05,93.0,22.5,2.066666666666667,
2019-09-06,-47.0,22.5,-1.0444444444444445,
2019-09-09,63.0,22.5,1.4,
2019-09-10,-47.0,22.5,-1.0444444444444445,
2019-09-11,-47.0,22.5,-1.0444444444444445,
2019-09-12,-47.0,22.5,-1.0444444444444445,
2019-09-13,-47.0,22.5,-1.0444444444444445,
2019-09-16,17.0,22.5,0.37777777777777777,
2019-09-17,62.5,22.5,1.3888888888888888,
2019-09-18,-47.0,22.5,-1.0444444444444445,
2019-09-19,-47.0,22.5,-1.0444444444444445,
2019-09-20,180.5,22.5,4.011111111111111,
2019-09-23,-47.0,22.5,-1.0444444444444445,
2019-09-24,-47.0,22.5,-1.0444444444444445,
2019-09-25,-47.0,22.5,-1.0444444444444445,
2019-09-26,-47.0,22.5,-1.0444444444444445,
2019-09-27,184.0,22.5,4.088888888888889,
2019-09-30,70.0,22.5,1.5555555555555556,
2019-10-01,-47.0,22.5,-1.0444444444444445,
2019-10-02,117.5,22.5,2.611111111111111,
2019-10-03,-47.0,22.5,-1.0444444444444445,
2019-10-04,140.5,22.5,3.1222222222222222,
2019-10-07,-47.0,22.5,-1.0444444444444445,
2019-10-08,-47.0,22.5,-1.0444444444444445,
2019-10-09,-47.0,22.5,-1.0444444444444445,
2019-10-10,89.0,22.5,1.9777777777777779,
2019-10-11,-5.0,22.5,-0.1111111111111111,
2019-10-14,8.5,22.5,0.18888888888888888,
2019-10-15,121.0,22.5,2.688888888888889,
2019-10-16,-47.0,22.5,-1.0444444444444445,
2019-10-17,31.0,22.5,0.6888888888888889,
2019-10-18,-47.0,22.5,-1.0444444444444445,
2019-10-21,-47.0,22.5,-1.0444444444444445,
2019-10-22,-47.0,22.5,-1.0444444444444445,
2019-10-23,-47.0,22.5,-1.0444444444444445,
2019-10-24,-47.0,22.5,-1.0444444444444445,
2019-10-25,173.5,22.5,3.8555555555555556,
2019-10-28,46.5,22.5,1.0333333333333334,
2019-10-29,74.0,22.5,1.6444444444444444,
2019-10-30,-47.0,22.5,-1.0444444444444445,
2019-10-31,1.5,22.5,0.03333333333333333,
2019-11-01,-47.0,22.5,-1.0444444444444445,
2019-11-04,-47.0,22.5,-1.0444444444444445,
2019-11-05,6.0,22.5,0.13333333333333333,
2019-11-06,-17.5,22.5,-0.3888888888888889,
2019-11-07,-47.0,22.5,-1.0444444444444445,
2019-11-08,-47.0,22.5,-1.0444444444444445,
2019-11-11,-47.0,22.5,-1.0444444444444445,
2019-11-12,18.0,22.5,0.4,
2019-11-13,13.5,22.5,0.3,
2019-11-14,-47.0,22.5,-1.0444444444444445,
2019-11-15,-38.0,22.5,-0.8444444444444444,
2019-11-18,-47.0,22.5,-1.0444444444444445,
2019-11-19,20.0,22.5,0.4444444444444444,
2019-11-20,-47.0,22.5,-1.0444444444444445,
2019-11-21,-10.5,22.5,-0.23333333333333334,
2019-11-22,22.5,22.5,0.5,
2019-11-25,79.5,22.5,1.7666666666666666,
2019-11-26,-47.0,22.5,-1.0444444444444445,
2019-11-27,-47.0,22.5,-1.0444444444444445,
2019-11-29,5.5,22.5,0.12222222222222222,
2019-12-02,162.5,22.5,3.611111111111111,
2019-12-03,-47.0,22.5,-1.0444444444444445,
2019-12-04,-47.0,22.5,-1.0444444444444445,
2019-12-05,0.0,22.5,0.0,
2019-12-06,31.0,22.5,0.6888888888888889,
2019-12-09,-47.0,22.5,-1.0444444444444445,
2019-12-10,-47.0,22.5,-1.0444444444444445,
2019-12-11,-47.0,22.5,-1.0444444444444445,
2019-12-12,-47.0,22.5,-1.0444444444444445,
2019-12-13,-47.0,22.5,-1.0444444444444445,
2019-12-16,33.0,22.5,0.7333333333333333,
2019-12-17,-9.5,22.5,-0.2111111111111111,
2019-12-18,-22.0,22.5,-0.4888888888888889,
2019-12-19,75.5,22.5,1.6777777777777778,
2019-12-20,-47.0,22.5,-1.0444444444444445,
2019-12-23,9.5,22.5,0.2111111111111111,
2019-12-24,-15.5,22.5,-0.34444444444444444,
2019-12-26,97.0,22.5,2.1555555555555554,
2019-12-27,55.5,22.5,1.2333333333333334,
2019-12-30,68.5,22.5,1.5222222222222221,
2019-12-31,56.5,22.5,1.2555555555555555,
2020-01-02,-47.0,22.5,-1.0444444444444445,
2020-01-03,-31.0,22.5,-0.6888888888888889,
2020-01-06,197.0,22.5,4.377777777777778,
2020-01-07,-47.0,22.5,-1.0444444444444445,
2020-01-08,108.0,22.5,2.4,
2020-01-09,-47.0,22.5,-1.0444444444444445,
2020-01-10,-47.0,22.5,-1.0444444444444445,
2020-01-13,131.0,22.5,2.911111111111111,
2020-01-14,-47.0,22.5,-1.0444444444444445,
2020-01-15,-47.0,22.5,-1.0444444444444445,
2020-01-16,-47.0,22.5,-1.0444444444444445,
2020-01-17,-47.0,22.5,-1.0444444444444445,
2020-01-20,11.0,22.5,0.24444444444444444,
2020-01-21,31.5,22.5,0.7,
2020-01-22,-47.0,22.5,-1.0444444444444445,
2020-01-23,-47.0,22.5,-1.0444444444444445,
2020-01-24,222.5,22.5,4.944444444444445,
2020-01-27,-47.0,22.5,-1.0444444444444445,
2020-01-28,-47.0,22.5,-1.0444444444444445,
2020-01-29,-47.0,22.5,-1.0444444444444445,
2020-01-30,-47.0,22.5,-1.0444444444444445,
2020-01-31,308.5,22.5,6.855555555555555,
2020-02-03,122.5,22.5,2.7222222222222223,
2020-02-04,-47.0,22.5,-1.0444444444444445,
2020-02-05,104.5,22.5,2.3222222222222224,
2020-02-06,-47.0,22.5,-1.0444444444444445,
2020-02-07,-47.0,22.5,-1.0444444444444445,
2020-02-10,218.0,22.5,4.844444444444444,
2020-02-11,-47.0,22.5,-1.0444444444444445,
2020-02-12,-47.0,22.5,-1.0444444444444445,
2020-02-13,68.0,22.5,1.511111111111111,
2020-02-14,-47.0,22.5,-1.0444444444444445,
2020-02-17,8.5,22.5,0.18888888888888888,
2020-02-18,-47.0,22.5,-1.0444444444444445,
2020-02-19,46.5,22.5,1.0333333333333334,
2020-02-20,-47.0,22.5,-1.0444444444444445,
2020-02-21,251.0,22.5,5.5777777777777775,
2020-02-24,-47.0,22.5,-1.0444444444444445,
2020-02-25,-47.0,22.5,-1.0444444444444445,
2020-02-26,-47.0,22.5,-1.0444444444444445,
2020-02-27,-47.0,22.5,-1.0444444444444445,
2020-02-28,-47.0,22.5,-1.0444444444444445,
2020-03-02,-47.0,22.5,-1.0444444444444445,
2020-03-03,-47.0,22.5,-1.0444444444444445,
2020-03-04,-47.0,22.5,-1.0444444444444445,
2020-03-05,-47.0,22.5,-1.0444444444444445,
2020-03-06,-47.0,22.5,-1.0444444444444445,
2020-03-09,-47.0,22.5,-1.0444444444444445,
2020-03-10,-47.0,22.5,-1.0444444444444445,
2020-03-11,-47.0,22.5,-1.0444444444444445,
2020-03-12,-2.0,22.5,-0.044444444444444446,
2020-03-13,-47.0,22.5,-1.0444444444444445,
2020-03-16,-2.0,22.5,-0.044444444444444446,
2020-03-17,-47.0,22.5,-1.0444444444444445,
2020-03-18,-47.0,22.5,-1.0444444444444445,
2020-03-19,-47.0,22.5,-1.0444444444444445,
2020-03-20,-47.0,22.5,-1.0444444444444445,
2020-03-23,-2.0,22.5,-0.044444444444444446,
2020-03-24,-47.0,22.5,-1.0444444444444445,
2020-03-25,-47.0,22.5,-1.0444444444444445,
2020-03-26,-47.0,22.5,-1.0444444444444445,
2020-03-27,-47.0,22.5,-1.0444444444444445,
2020-03-30,-47.0,22.5,-1.0444444444444445,
2020-03-31,-2.0,22.5,-0.044444444444444446,
2020-04-01,-47.0,22.5,-1.0444444444444445,
2020-04-02,-47.0,22.5,-1.0444444444444445,
2020-04-03,-47.0,22.5,-1.0444444444444445,
2020-04-06,-47.0,22.5,-1.0444444444444445,
2020-04-07,436.0,22.5,9.688888888888888,
2020-04-08,-47.0,22.5,-1.0444444444444445,
2020-04-09,-47.0,22.5,-1.0444444444444445,
2020-04-13,-47.0,22.5,-1.0444444444444445,
2020-04-14,349.5,22.5,7.766666666666667,
2020-04-15,-47.0,22.5,-1.0444444444444445,
2020-04-16,-47.0,22.5,-1.0444444444444445,
2020-04-17,-47.0,22.5,-1.0444444444444445,
2020-04-20,-47.0,22.5,-1.0444444444444445,
2020-04-21,-47.0,22.5,-1.0444444444444445,
2020-04-22,-47.0,22.5,-1.0444444444444445,
2020-04-23,-47.0,22.5,-1.0444444444444445,
2020-04-24,-47.0,22.5,-1.0444444444444445,
2020-04-27,-47.0,22.5,-1.0444444444444445,
2020-04-28,438.5,22.5,9.744444444444444,
2020-04-29,-47.0,22.5,-1.0444444444444445,
2020-04-30,-47.0,22.5,-1.0444444444444445,
2020-05-01,-47.0,22.5,-1.0444444444444445,
2020-05-04,201.0,22.5,4.466666666666667,
2020-05-05,-47.0,22.5,-1.0444444444444445,
2020-05-06,-47.0,22.5,-1.0444444444444445,
2020-05-07,-47.0,22.5,-1.0444444444444445,
2020-05-08,-47.0,22.5,-1.0444444444444445,
2020-05-11,214.5,22.5,4.766666666666667,
2020-05-12,-47.0,22.5,-1.0444444444444445,
2020-05-13,-47.0,22.5,-1.0444444444444445,
2020-05-14,-47.0,22.5,-1.0444444444444445,
2020-05-15,-47.0,22.5,-1.0444444444444445,
2020-05-18,-47.0,22.5,-1.0444444444444445,
2020-05-19,-47.0,22.5,-1.0444444444444445,
2020-05-20,125.5,22.5,2.7888888888888888,
2020-05-21,-47.0,22.5,-1.0444444444444445,
2020-05-22,-47.0,22.5,-1.0444444444444445,
2020-05-25,11.0,22.5,0.24444444444444444,
2020-05-26,296.5,22.5,6.588888888888889,
2020-05-27,-2.0,22.5,-0.044444444444444446,
2020-05-28,-2.0,22.5,-0.044444444444444446,
2020-05-29,-47.0,22.5,-1.0444444444444445,
2020-06-01,-47.0,22.5,-1.0444444444444445,
2020-06-02,-47.0,22.5,-1.0444444444444445,
2020-06-03,-47.0,22.5,-1.0444444444444445,
2020-06-04,-47.0,22.5,-1.0444444444444445,
2020-06-05,176.0,22.5,3.911111111111111,
2020-06-08,-47.0,22.5,-1.0444444444444445,
2020-06-09,191.5,22.5,4.2555555555555555,
2020-06-10,-47.0,22.5,-1.0444444444444445,
2020-06-11,-47.0,22.5,-1.0444444444444445,
2020-06-12,-47.0,22.5,-1.0444444444444445,
2020-06-15,-47.0,22.5,-1.0444444444444445,
2020-06-16,-47.0,22.5,-1.0444444444444445,
2020-06-17,-47.0,22.5,-1.0444444444444445,
2020-06-18,-47.0,22.5,-1.0444444444444445,
2020-06-22,-47.0,22.5,-1.0444444444444445,
2020-06-23,-47.0,22.5,-1.0444444444444445,
2020-06-24,-47.0,22.5,-1.0444444444444445,
2020-06-25,-47.0,22.5,-1.0444444444444445,
2020-06-26,403.5,22.5,8.966666666666667,
2020-06-29,-47.0,22.5,-1.0444444444444445,
2020-06-30,345.0,22.5,7.666666666666667,
2020-07-01,-47.0,22.5,-1.0444444444444445,
2020-07-02,-47.0,22.5,-1.0444444444444445,
2020-07-06,186.0,22.5,4.133333333333334,
2020-07-07,-47.0,22.5,-1.0444444444444445,
2020-07-08,-47.0,22.5,-1.0444444444444445,
2020-07-09,-47.0,22.5,-1.0444444444444445,
2020-07-10,-47.0,22.5,-1.0444444444444445,
2020-07-13,-47.0,22.5,-1.0444444444444445,
2020-07-14,-47.0,22.5,-1.0444444444444445,
2020-07-15,-47.0,22.5,-1.0444444444444445,
2020-07-16,-47.0,22.5,-1.0444444444444445,
2020-07-17,-47.0,22.5,-1.0444444444444445,
2020-07-20,-47.0,22.5,-1.0444444444444445,
2020-07-21,320.5,22.5,7.122222222222222,
2020-07-22,-47.0,22.5,-1.0444444444444445,
2020-07-23,-47.0,22.5,-1.0444444444444445,
2020-07-24,-47.0,22.5,-1.0444444444444445,
2020-07-27,-47.0,22.5,-1.0444444444444445,
2020-07-28,-47.0,22.5,-1.0444444444444445,
2020-07-29,-47.0,22.5,-1.0444444444444445,
2020-07-30,-47.0,22.5,-1.0444444444444445,
2020-07-31,-2.0,22.5,-0.044444444444444446,
2020-08-03,-47.0,22.5,-1.0444444444444445,
2020-08-04,-47.0,22.5,-1.0444444444444445,
2020-08-05,-47.0,22.5,-1.0444444444444445,
2020-08-06,-47.0,22.5,-1.0444444444444445,
2020-08-07,-47.0,22.5,-1.0444444444444445,
2020-08-10,-47.0,22.5,-1.0444444444444445,
2020-08-11,-47.0,22.5,-1.0444444444444445,
2020-08-12,304.0,22.5,6.7555555555555555,
2020-08-13,-47.0,22.5,-1.0444444444444445,
2020-08-14,-47.0,22.5,-1.0444444444444445,
2020-08-17,91.0,22.5,2.022222222222222,
2020-08-18,-47.0,22.5,-1.0444444444444445,
2020-08-19,-47.0,22.5,-1.0444444444444445,
2020-08-20,313.0,22.5,6.955555555555556,
2020-08-24,-47.0,22.5,-1.0444444444444445,
2020-08-26,367.5,22.5,8.166666666666666,
2020-08-27,-47.0,22.5,-1.0444444444444445,
2020-08-28,-47.0,22.5,-1.0444444444444445,
2020-08-31,-47.0,22.5,-1.0444444444444445,
2020-09-01,-47.0,22.5,-1.0444444444444445,
2020-09-02,-2.0,22.5,-0.044444444444444446,
2020-09-03,-47.0,22.5,-1.0444444444444445,
2020-09-04,-47.0,22.5,-1.0444444444444445,
2020-09-07,78.0,22.5,1.7333333333333334,
2020-09-08,-47.0,22.5,-1.0444444444444445,
2020-09-10,-47.0,22.5,-1.0444444444444445,
2020-09-11,-47.0,22.5,-1.0444444444444445,
2020-09-14,-47.0,22.5,-1.0444444444444445,
2020-09-15,-47.0,22.5,-1.0444444444444445,
2020-09-16,-47.0,22.5,-1.0444444444444445,
2020-09-17,-2.0,22.5,-0.044444444444444446,
2020-09-18,331.5,22.5,7.366666666666666,
2020-09-21,-47.0,22.5,-1.0444444444444445,
2020-09-22,-2.0,22.5,-0.044444444444444446,
2020-09-23,-47.0,22.5,-1.0444444444444445,
2020-09-24,233.5,22.5,5.188888888888889,
2020-09-25,-47.0,22.5,-1.0444444444444445,
2020-09-28,-47.0,22.5,-1.0444444444444445,
2020-09-29,-47.0,22.5,-1.0444444444444445,
2020-09-30,-47.0,22.5,-1.0444444444444445,
2020-10-01,-47.0,22.5,-1.0444444444444445,
2020-10-02,-47.0,22.5,-1.0444444444444445,
2020-10-05,283.0,22.5,6.288888888888889,
2020-10-06,-47.0,22.5,-1.0444444444444445,
2020-10-07,-47.0,22.5,-1.0444444444444445,
2020-10-08,28.0,22.5,0.6222222222222222,
2020-10-09,181.0,22.5,4.022222222222222,
2020-10-12,-47.0,22.5,-1.0444444444444445,
2020-10-13,-47.0,22.5,-1.0444444444444445,
2020-10-14,-47.0,22.5,-1.0444444444444445,
2020-10-15,-47.0,22.5,-1.0444444444444445,
2020-10-16,-47.0,22.5,-1.0444444444444445,
2020-10-19,-47.0,22.5,-1.0444444444444445,
2020-10-20,-47.0,22.5,-1.0444444444444445,
2020-10-21,-47.0,22.5,-1.0444444444444445,
2020-10-22,-47.0,22.5,-1.0444444444444445,
2020-10-23,-47.0,22.5,-1.0444444444444445,
2020-10-26,-47.0,22.5,-1.0444444444444445,
2020-10-27,-47.0,22.5,-1.0444444444444445,
2020-10-28,447.0,22.5,9.933333333333334,
2020-10-29,-47.0,22.5,-1.0444444444444445,
2020-10-30,242.5,22.5,5.388888888888889,
2020-11-02,-47.0,22.5,-1.0444444444444445,
2020-11-03,-47.0,22.5,-1.0444444444444445,
2020-11-04,-47.0,22.5,-1.0444444444444445,
2020-11-05,-47.0,22.5,-1.0444444444444445,
2020-11-06,-47.0,22.5,-1.0444444444444445,
2020-11-09,-47.0,22.5,-1.0444444444444445,
2020-11-10,-47.0,22.5,-1.0444444444444445,
2020-11-11,207.5,22.5,4.611111111111111,
2020-11-12,-47.0,22.5,-1.0444444444444445,
2020-11-13,-47.0,22.5,-1.0444444444444445,
2020-11-16,122.5,22.5,2.7222222222222223,
2020-11-17,-47.0,22.5,-1.0444444444444445,
2020-11-18,-47.0,22.5,-1.0444444444444445,
2020-11-19,-47.0,22.5,-1.0444444444444445,
2020-11-20,-47.0,22.5,-1.0444444444444445,
2020-11-23,-47.0,22.5,-1.0444444444444445,
2020-11-24,-47.0,22.5,-1.0444444444444445,
2020-11-25,-47.0,22.5,-1.0444444444444445,
2020-11-26,-47.0,22.5,-1.0444444444444445,
2020-11-27,47.5,22.5,1.0555555555555556,
2020-11-30,-2.0,22.5,-0.044444444444444446,
2020-12-01,-47.0,22.5,-1.0444444444444445,
2020-12-02,-47.0,22.5,-1.0444444444444445,
2020-12-03,-47.0,22.5,-1.0444444444444445,
2020-12-04,-47.0,22.5,-1.0444444444444445,
2020-12-07,86.5,22.5,1.9222222222222223,
2020-12-08,-47.0,22.5,-1.0444444444444445,
2020-12-09,-47.0,22.5,-1.0444444444444445,
2020-12-10,-47.0,22.5,-1.0444444444444445,
2020-12-11,-47.0,22.5,-1.0444444444444445,
2020-12-14,37.0,22.5,0.8222222222222222,
2020-12-15,-47.0,22.5,-1.0444444444444445,
2020-12-16,-47.0,22.5,-1.0444444444444445,
2020-12-17,-47.0,22.5,-1.0444444444444445,
2020-12-18,107.5,22.5,2.388888888888889,
2020-12-21,-47.0,22.5,-1.0444444444444445,
2020-12-22,-47.0,22.5,-1.0444444444444445,
2020-12-23,-47.0,22.5,-1.0444444444444445,
2020-12-24,-47.0,22.5,-1.0444444444444445,
2020-12-28,-47.0,22.5,-1.0444444444444445,
2020-12-29,-47.0,22.5,-1.0444444444444445,
2020-12-30,60.5,22.5,1.3444444444444446,
2020-12-31,-47.0,22.5,-1.0444444444444445,
2021-01-04,430.5,22.5,9.566666666666666,
2021-01-05,192.0,22.5,4.266666666666667,
2021-01-06,-47.0,22.5,-1.0444444444444445,
2021-01-07,325.5,22.5,7.233333333333333,
2021-01-08,-47.0,22.5,-1.0444444444444445,
2021-01-11,-47.0,22.5,-1.0444444444444445,
2021-01-12,-47.0,22.5,-1.0444444444444445,
2021-01-13,-47.0,22.5,-1.0444444444444445,
2021-01-14,-47.0,22.5,-1.0444444444444445,
2021-01-15,-47.0,22.5,-1.0444444444444445,
2021-01-18,-47.0,22.5,-1.0444444444444445,
2021-01-19,-47.0,22.5,-1.0444444444444445,
2021-01-20,281.0,22.5,6.2444444444444445,
2021-01-21,-47.0,22.5,-1.0444444444444445,
2021-01-22,-47.0,22.5,-1.0444444444444445,
2021-01-25,-47.0,22.5,-1.0444444444444445,
2021-01-26,-47.0,22.5,-1.0444444444444445,
2021-01-27,-47.0,22.5,-1.0444444444444445,
2021-01-28,-47.0,22.5,-1.0444444444444445,
2021-01-29,-47.0,22.5,-1.0444444444444445,
2021-02-01,-47.0,22.5,-1.0444444444444445,
2021-02-02,149.5,22.5,3.3222222222222224,
2021-02-03,246.5,22.5,5.477777777777778,
2021-02-04,-47.0,22.5,-1.0444444444444445,
2021-02-05,-47.0,22.5,-1.0444444444444445,
2021-02-08,-47.0,22.5,-1.0444444444444445,
2021-02-09,15.5,22.5,0.34444444444444444,
2021-02-10,-47.0,22.5,-1.0444444444444445,
2021-02-11,-47.0,22.5,-1.0444444444444445,
2021-02-12,-47.0,22.5,-1.0444444444444445,
2021-02-15,32.0,22.5,0.7111111111111111,
2021-02-16,-47.0,22.5,-1.0444444444444445,
2021-02-18,-47.0,22.5,-1.0444444444444445,
2021-02-19,-47.0,22.5,-1.0444444444444445,
2021-02-22,-47.0,22.5,-1.0444444444444445,
2021-02-23,-2.0,22.5,-0.044444444444444446,
2021-02-24,-47.0,22.5,-1.0444444444444445,
2021-02-25,-47.0,22.5,-1.0444444444444445,
2021-02-26,-47.0,22.5,-1.0444444444444445,
2021-03-01,-47.0,22.5,-1.0444444444444445,
2021-03-02,351.5,22.5,7.811111111111111,
2021-03-03,-47.0,22.5,-1.0444444444444445,
2021-03-04,-47.0,22.5,-1.0444444444444445,
2021-03-05,-47.0,22.5,-1.0444444444444445,
2021-03-08,-47.0,22.5,-1.0444444444444445,
2021-03-09,-47.0,22.5,-1.0444444444444445,
2021-03-11,-47.0,22.5,-1.0444444444444445,
2021-03-12,-47.0,22.5,-1.0444444444444445,
2021-03-15,-47.0,22.5,-1.0444444444444445,
2021-03-16,-47.0,22.5,-1.0444444444444445,
2021-03-17,-47.0,22.5,-1.0444444444444445,
2021-03-18,-47.0,22.5,-1.0444444444444445,
2021-03-19,-47.0,22.5,-1.0444444444444445,
2021-03-22,-47.0,22.5,-1.0444444444444445,
2021-03-23,-47.0,22.5,-1.0444444444444445,
2021-03-24,-2.0,22.5,-0.044444444444444446,
2021-03-25,-47.0,22.5,-1.0444444444444445,
2021-03-26,-47.0,22.5,-1.0444444444444445,
2021-03-29,-47.0,22.5,-1.0444444444444445,
2021-03-30,-47.0,22.5,-1.0444444444444445,
2021-03-31,222.0,22.5,4.933333333333334,
2021-04-01,92.5,22.5,2.0555555555555554,
2021-04-05,288.5,22.5,6.411111111111111,
2021-04-06,-47.0,22.5,-1.0444444444444445,
2021-04-07,-47.0,22.5,-1.0444444444444445,
2021-04-08,-47.0,22.5,-1.0444444444444445,
2021-04-09,252.5,22.5,5.611111111111111,
2021-04-12,-47.0,22.5,-1.0444444444444445,
2021-04-13,-47.0,22.5,-1.0444444444444445,
2021-04-14,308.0,22.5,6.844444444444444,
2021-04-15,-47.0,22.5,-1.0444444444444445,
2021-04-16,-47.0,22.5,-1.0444444444444445,
2021-04-19,-47.0,22.5,-1.0444444444444445,
2021-04-20,-47.0,22.5,-1.0444444444444445,
2021-04-21,-47.0,22.5,-1.0444444444444445,
2021-04-22,-47.0,22.5,-1.0444444444444445,
2021-04-23,-47.0,22.5,-1.0444444444444445,
2021-04-26,-47.0,22.5,-1.0444444444444445,
2021-04-27,138.0,22.5,3.066666666666667,
2021-04-28,-47.0,22.5,-1.0444444444444445,
2021-04-29,138.5,22.5,3.077777777777778,
2021-04-30,-47.0,22.5,-1.0444444444444445,
2021-05-03,-47.0,22.5,-1.0444444444444445,
2021-05-04,191.5,22.5,4.2555555555555555,
2021-05-05,-47.0,22.5,-1.0444444444444445,
2021-05-06,-47.0,22.5,-1.0444444444444445,
2021-05-07,-47.0,22.5,-1.0444444444444445,
2021-05-10,422.0,22.5,9.377777777777778,
2021-05-11,-2.0,22.5,-0.044444444444444446,
2021-05-13,-47.0,22.5,-1.0444444444444445,
2021-05-14,-47.0,22.5,-1.0444444444444445,
2021-05-17,-47.0,22.5,-1.0444444444444445,
2021-05-18,-47.0,22.5,-1.0444444444444445,
2021-05-19,-47.0,22.5,-1.0444444444444445,
2021-05-20,312.5,22.5,6.944444444444445,
2021-05-21,-47.0,22.5,-1.0444444444444445,
2021-05-24,214.5,22.5,4.766666666666667,
2021-05-25,69.5,22.5,1.5444444444444445,
2021-05-26,-47.0,22.5,-1.0444444444444445,
2021-05-27,-47.0,22.5,-1.0444444444444445,
2021-05-28,-47.0,22.5,-1.0444444444444445,
2021-05-31,25.5,22.5,0.5666666666666667,
2021-06-01,-47.0,22.5,-1.0444444444444445,
2021-06-02,-47.0,22.5,-1.0444444444444445,
2021-06-03,-47.0,22.5,-1.0444444444444445,
2021-06-04,246.0,22.5,5.466666666666667,
2021-06-08,-47.0,22.5,-1.0444444444444445,
2021-06-09,-47.0,22.5,-1.0444444444444445,
2021-06-10,-47.0,22.5,-1.0444444444444445,
2021-06-11,-47.0,22.5,-1.0444444444444445,
2021-06-14,-47.0,22.5,-1.0444444444444445,
2021-06-15,-47.0,22.5,-1.0444444444444445,
2021-06-16,-47.0,22.5,-1.0444444444444445,
2021-06-17,354.5,22.5,7.877777777777778,
2021-06-18,-47.0,22.5,-1.0444444444444445,
2021-06-21,-47.0,22.5,-1.0444444444444445,
2021-06-22,-47.0,22.5,-1.0444444444444445,
2021-06-23,-47.0,22.5,-1.0444444444444445,
2021-06-24,-47.0,22.5,-1.0444444444444445,
2021-06-25,-47.0,22.5,-1.0444444444444445,
2021-06-28,141.5,22.5,3.1444444444444444,
2021-06-29,-47.0,22.5,-1.0444444444444445,
2021-06-30,-47.0,22.5,-1.0444444444444445,
2021-07-01,-47.0,22.5,-1.0444444444444445,
2021-07-02,-47.0,22.5,-1.0444444444444445,
2021-07-05,7.0,22.5,0.15555555555555556,
2021-07-06,-47.0,22.5,-1.0444444444444445,
2021-07-07,-47.0,22.5,-1.0444444444444445,
2021-07-08,-47.0,22.5,-1.0444444444444445,
2021-07-09,-47.0,22.5,-1.0444444444444445,
2021-07-12,-6.0,22.5,-0.13333333333333333,
2021-07-13,-47.0,22.5,-1.0444444444444445,
2021-07-14,-47.0,22.5,-1.0444444444444445,
2021-07-15,-47.0,22.5,-1.0444444444444445,
2021-07-16,-47.0,22.5,-1.0444444444444445,
2021-07-19,-47.0,22.5,-1.0444444444444445,
2021-07-20,-47.0,22.5,-1.0444444444444445,
2021-07-21,217.5,22.5,4.833333333333333,
2021-07-22,119.0,22.5,2.6444444444444444,
2021-07-23,-47.0,22.5,-1.0444444444444445,
2021-07-26,-47.0,22.5,-1.0444444444444445,
2021-07-27,234.5,22.5,5.211111111111111,
2021-07-28,-47.0,22.5,-1.0444444444444445,
2021-07-29,15.0,22.5,0.3333333333333333,
2021-07-30,116.5,22.5,2.588888888888889,
2021-08-02,-47.0,22.5,-1.0444444444444445,
2021-08-03,-47.0,22.5,-1.0444444444444445,
2021-08-04,-47.0,22.5,-1.0444444444444445,
2021-08-05,95.0,22.5,2.111111111111111,
2021-08-06,-47.0,22.5,-1.0444444444444445,
2021-08-09,-47.0,22.5,-1.0444444444444445,
2021-08-10,-47.0,22.5,-1.0444444444444445,
2021-08-11,96.0,22.5,2.1333333333333333,
2021-08-12,-47.0,22.5,-1.0444444444444445,
2021-08-13,-47.0,22.5,-1.0444444444444445,
2021-08-16,-47.0,22.5,-1.0444444444444445,
2021-08-17,-47.0,22.5,-1.0444444444444445,
2021-08-18,-47.0,22.5,-1.0444444444444445,
2021-08-19,-47.0,22.5,-1.0444444444444445,
2021-08-20,-47.0,22.5,-1.0444444444444445,
2021-08-23,311.0,22.5,6.911111111111111,
2021-08-24,-47.0,22.5,-1.0444444444444445,
2021-08-25,-47.0,22.5,-1.0444444444444445,
2021-08-26,-47.0,22.5,-1.0444444444444445,
2021-08-27,-47.0,22.5,-1.0444444444444445,
2021-08-30,228.0,22.5,5.066666666666666,
2021-08-31,-47.0,22.5,-1.0444444444444445,
2021-09-01,-47.0,22.5,-1.0444444444444445,
2021-09-02,-47.0,22.5,-1.0444444444444445,
2021-09-03,-47.0,22.5,-1.0444444444444445,
2021-09-06,9.0,22.5,0.2,
2021-09-07,-47.0,22.5,-1.0444444444444445,
2021-09-08,-47.0,22.5,-1.0444444444444445,
2021-09-09,-47.0,22.5,-1.0444444444444445,
2021-09-10,-47.0,22.5,-1.0444444444444445,
2021-09-13,91.0,22.5,2.022222222222222,
2021-09-14,168.5,22.5,3.7444444444444445,
2021-09-15,-47.0,22.5,-1.0444444444444445,
2021-09-16,-47.0,22.5,-1.0444444444444445,
2021-09-17,235.5,22.5,5.233333333333333,
2021-09-20,-47.0,22.5,-1.0444444444444445,
2021-09-21,-47.0,22.5,-1.0444444444444445,
2021-09-22,-47.0,22.5,-1.0444444444444445,
2021-09-23,116.5,22.5,2.588888888888889,
2021-09-24,-47.0,22.5,-1.0444444444444445,
2021-09-27,-47.0,22.5,-1.0444444444444445,
2021-09-28,-47.0,22.5,-1.0444444444444445,
2021-09-29,-47.0,22.5,-1.0444444444444445,
2021-09-30,-47.0,22.5,-1.0444444444444445,
2021-10-01,-47.0,22.5,-1.0444444444444445,
2021-10-04,407.5,22.5,9.055555555555555,
2021-10-05,-47.0,22.5,-1.0444444444444445,
2021-10-06,-47.0,22.5,-1.0444444444444445,
2021-10-07,-47.0,22.5,-1.0444444444444445,
2021-10-08,-47.0,22.5,-1.0444444444444445,
2021-10-11,-2.0,22.5,-0.044444444444444446,
2021-10-12,166.5,22.5,3.7,
2021-10-13,-47.0,22.5,-1.0444444444444445,
2021-10-14,-47.0,22.5,-1.0444444444444445,
2021-10-15,-47.0,22.5,-1.0444444444444445,
2021-10-18,404.0,22.5,8.977777777777778,
2021-10-19,-47.0,22.5,-1.0444444444444445,
2021-10-20,-47.0,22.5,-1.0444444444444445,
2021-10-21,226.0,22.5,5.022222222222222,
2021-10-22,-47.0,22.5,-1.0444444444444445,
2021-10-25,-47.0,22.5,-1.0444444444444445,
2021-10-26,-47.0,22.5,-1.0444444444444445,
2021-10-27,-47.0,22.5,-1.0444444444444445,
2021-10-28,-47.0,22.5,-1.0444444444444445,
2021-10-29,331.5,22.5,7.366666666666666,
2021-11-01,-47.0,22.5,-1.0444444444444445,
2021-11-02,169.0,22.5,3.7555555555555555,
2021-11-03,-47.0,22.5,-1.0444444444444445,
2021-11-04,-47.0,22.5,-1.0444444444444445,
2021-11-05,-47.0,22.5,-1.0444444444444445,
2021-11-08,-47.0,22.5,-1.0444444444444445,
2021-11-09,292.0,22.5,6.488888888888889,
2021-11-10,-47.0,22.5,-1.0444444444444445,
2021-11-11,128.5,22.5,2.8555555555555556,
2021-11-12,-47.0,22.5,-1.0444444444444445,
2021-11-15,57.0,22.5,1.2666666666666666,
2021-11-16,212.0,22.5,4.711111111111111,
2021-11-17,-47.0,22.5,-1.0444444444444445,
2021-11-18,-47.0,22.5,-1.0444444444444445,
2021-11-19,-47.0,22.5,-1.0444444444444445,
2021-11-22,-47.0,22.5,-1.0444444444444445,
2021-11-23,-47.0,22.5,-1.0444444444444445,
2021-11-24,-47.0,22.5,-1.0444444444444445,
2021-11-25,12.5,22.5,0.2777777777777778,
2021-11-26,-47.0,22.5,-1.0444444444444445,
2021-11-29,-47.0,22.5,-1.0444444444444445,
2021-11-30,-47.0,22.5,-1.0444444444444445,
2021-12-01,-47.0,22.5,-1.0444444444444445,
2021-12-02,-47.0,22.5,-1.0444444444444445,
2021-12-03,-47.0,22.5,-1.0444444444444445,
2021-12-06,-47.0,22.5,-1.0444444444444445,
2021-12-07,-47.0,22.5,-1.0444444444444445,
2021-12-08,-47.0,22.5,-1.0444444444444445,
2021-12-09,-47.0,22.5,-1.0444444444444445,
2021-12-10,-47.0,22.5,-1.0444444444444445,
2021-12-13,-47.0,22.5,-1.0444444444444445,
2021-12-14,-47.0,22.5,-1.0444444444444445,
2021-12-15,-47.0,22.5,-1.0444444444444445,
2021-12-16,805.0,22.5,17.88888888888889,
2021-12-17,-47.0,22.5,-1.0444444444444445,
2021-12-20,-47.0,22.5,-1.0444444444444445,
2021-12-21,-47.0,22.5,-1.0444444444444445,
2021-12-22,-47.0,22.5,-1.0444444444444445,
2021-12-23,-47.0,22.5,-1.0444444444444445,
2021-12-27,288.5,22.5,6.411111111111111,
2021-12-28,-47.0,22.5,-1.0444444444444445,
2021-12-29,-47.0,22.5,-1.0444444444444445,
2021-12-30,-47.0,22.5,-1.0444444444444445,
2021-12-31,-47.0,22.5,-1.0444444444444445,
2022-01-03,-47.0,22.5,-1.0444444444444445,
2022-01-04,424.0,22.5,9.422222222222222,
2022-01-05,-47.0,22.5,-1.0444444444444445,
2022-01-06,-47.0,22.5,-1.0444444444444445,
2022-01-07,-47.0,22.5,-1.0444444444444445,
2022-01-10,-2.0,22.5,-0.044444444444444446,
2022-01-11,-47.0,22.5,-1.0444444444444445,
2022-01-12,-47.0,22.5,-1.0444444444444445,
2022-01-13,-47.0,22.5,-1.0444444444444445,
2022-01-14,-2.0,22.5,-0.044444444444444446,
2022-01-17,-47.0,22.5,-1.0444444444444445,
2022-01-18,-47.0,22.5,-1.0444444444444445,
2022-01-19,-47.0,22.5,-1.0444444444444445,
2022-01-20,-47.0,22.5,-1.0444444444444445,
2022-01-21,-47.0,22.5,-1.0444444444444445,
2022-01-24,-47.0,22.5,-1.0444444444444445,
2022-01-25,-47.0,22.5,-1.0444444444444445,
2022-01-26,-47.0,22.5,-1.0444444444444445,
2022-01-27,-47.0,22.5,-1.0444444444444445,
2022-01-28,-47.0,22.5,-1.0444444444444445,
2022-01-31,754.0,22.5,16.755555555555556,
2022-02-01,-2.0,22.5,-0.044444444444444446,
2022-02-02,-47.0,22.5,-1.0444444444444445,
2022-02-03,-47.0,22.5,-1.0444444444444445,
2022-02-04,-47.0,22.5,-1.0444444444444445,
2022-02-07,-47.0,22.5,-1.0444444444444445,
2022-02-08,-47.0,22.5,-1.0444444444444445,
2022-02-09,-47.0,22.5,-1.0444444444444445,
2022-02-10,-2.0,22.5,-0.044444444444444446,
2022-02-11,-47.0,22.5,-1.0444444444444445,
2022-02-14,-47.0,22.5,-1.0444444444444445,
2022-02-15,-47.0,22.5,-1.0444444444444445,
2022-02-16,-47.0,22.5,-1.0444444444444445,
2022-02-17,524.0,22.5,11.644444444444444,
2022-02-18,-47.0,22.5,-1.0444444444444445,
2022-02-21,-47.0,22.5,-1.0444444444444445,
2022-02-22,-2.0,22.5,-0.044444444444444446,
2022-02-23,-47.0,22.5,-1.0444444444444445,
2022-02-24,-47.0,22.5,-1.0444444444444445,
2022-02-25,-47.0,22.5,-1.0444444444444445,
2022-02-28,-47.0,22.5,-1.0444444444444445,
2022-03-01,-47.0,22.5,-1.0444444444444445,
2022-03-02,-47.0,22.5,-1.0444444444444445,
2022-03-03,566.5,22.5,12.588888888888889,
2022-03-04,-47.0,22.5,-1.0444444444444445,
2022-03-07,-47.0,22.5,-1.0444444444444445,
2022-03-08,-47.0,22.5,-1.0444444444444445,
2022-03-09,-47.0,22.5,-1.0444444444444445,
2022-03-10,-47.0,22.5,-1.0444444444444445,
2022-03-11,-47.0,22.5,-1.0444444444444445,
2022-03-14,-47.0,22.5,-1.0444444444444445,
2022-03-15,-47.0,22.5,-1.0444444444444445,
2022-03-16,-2.0,22.5,-0.044444444444444446,
2022-03-17,-47.0,22.5,-1.0444444444444445,
2022-03-18,683.0,22.5,15.177777777777777,
2022-03-21,-47.0,22.5,-1.0444444444444445,
2022-03-22,470.5,22.5,10.455555555555556,
2022-03-23,-47.0,22.5,-1.0444444444444445,
2022-03-24,-47.0,22.5,-1.0444444444444445,
2022-03-25,-47.0,22.5,-1.0444444444444445,
2022-03-28,-47.0,22.5,-1.0444444444444445,
2022-03-29,-47.0,22.5,-1.0444444444444445,
2022-03-30,-47.0,22.5,-1.0444444444444445,
2022-03-31,-47.0,22.5,-1.0444444444444445,
2022-04-01,-47.0,22.5,-1.0444444444444445,
2022-04-04,504.0,22.5,11.2,
2022-04-05,-47.0,22.5,-1.0444444444444445,
2022-04-06,-2.0,22.5,-0.044444444444444446,
2022-04-07,-47.0,22.5,-1.0444444444444445,
2022-04-08,-47.0,22.5,-1.0444444444444445,
2022-04-11,-47.0,22.5,-1.0444444444444445,
2022-04-12,-47.0,22.5,-1.0444444444444445,
2022-04-13,455.0,22.5,10.11111111111111,
2022-04-14,484.0,22.5,10.755555555555556,
2022-04-18,-47.0,22.5,-1.0444444444444445,
2022-04-19,-47.0,22.5,-1.0444444444444445,
2022-04-20,423.0,22.5,9.4,
2022-04-21,-47.0,22.5,-1.0444444444444445,
2022-04-22,-47.0,22.5,-1.0444444444444445,
2022-04-25,-47.0,22.5,-1.0444444444444445,
2022-04-26,727.0,22.5,16.155555555555555,
2022-04-27,-2.0,22.5,-0.044444444444444446,
2022-04-28,-47.0,22.5,-1.0444444444444445,
2022-04-29,-47.0,22.5,-1.0444444444444445,
2022-05-02,-47.0,22.5,-1.0444444444444445,
2022-05-03,-47.0,22.5,-1.0444444444444445,
2022-05-04,-47.0,22.5,-1.0444444444444445,
2022-05-05,879.5,22.5,19.544444444444444,
2022-05-06,-2.0,22.5,-0.044444444444444446,
2022-05-09,-47.0,22.5,-1.0444444444444445,
2022-05-10,-2.0,22.5,-0.044444444444444446,
2022-05-11,-47.0,22.5,-1.0444444444444445,
2022-05-12,-47.0,22.5,-1.0444444444444445,
2022-05-13,-47.0,22.5,-1.0444444444444445,
2022-05-16,-47.0,22.5,-1.0444444444444445,
2022-05-17,-47.0,22.5,-1.0444444444444445,
2022-05-18,823.0,22.5,18.288888888888888,
2022-05-19,-47.0,22.5,-1.0444444444444445,
2022-05-20,-47.0,22.5,-1.0444444444444445,
2022-05-23,-47.0,22.5,-1.0444444444444445,
2022-05-24,-2.0,22.5,-0.044444444444444446,
2022-05-25,-47.0,22.5,-1.0444444444444445,
2022-05-26,584.5,22.5,12.988888888888889,
2022-05-27,469.5,22.5,10.433333333333334,
2022-05-31,-47.0,22.5,-1.0444444444444445,
2022-06-01,-47.0,22.5,-1.0444444444444445,
2022-06-03,-47.0,22.5,-1.0444444444444445,
2022-06-06,-47.0,22.5,-1.0444444444444445,
2022-06-07,460.0,22.5,10.222222222222221,
2022-06-08,-47.0,22.5,-1.0444444444444445,
2022-06-09,-47.0,22.5,-1.0444444444444445,
2022-06-10,-47.0,22.5,-1.0444444444444445,
2022-06-13,-47.0,22.5,-1.0444444444444445,
2022-06-14,-47.0,22.5,-1.0444444444444445,
2022-06-15,-47.0,22.5,-1.0444444444444445,
2022-06-16,-47.0,22.5,-1.0444444444444445,
2022-06-17,-47.0,22.5,-1.0444444444444445,
2022-06-20,-47.0,22.5,-1.0444444444444445,
2022-06-21,101.5,22.5,2.2555555555555555,
2022-06-22,-47.0,22.5,-1.0444444444444445,
2022-06-23,-47.0,22.5,-1.0444444444444445,
2022-06-24,484.0,22.5,10.755555555555556,
2022-06-27,-47.0,22.5,-1.0444444444444445,
2022-06-28,-47.0,22.5,-1.0444444444444445,
2022-06-29,-47.0,22.5,-1.0444444444444445,
2022-06-30,-47.0,22.5,-1.0444444444444445,
2022-07-01,-47.0,22.5,-1.0444444444444445,
2022-07-04,12.0,22.5,0.26666666666666666,
2022-07-05,-47.0,22.5,-1.0444444444444445,
2022-07-06,-47.0,22.5,-1.0444444444444445,
2022-07-07,290.0,22.5,6.444444444444445,
2022-07-08,-47.0,22.5,-1.0444444444444445,
2022-07-11,239.0,22.5,5.311111111111111,
2022-07-12,-47.0,22.5,-1.0444444444444445,
2022-07-13,-47.0,22.5,-1.0444444444444445,
2022-07-14,-47.0,22.5,-1.0444444444444445,
2022-07-15,-47.0,22.5,-1.0444444444444445,
2022-07-18,-47.0,22.5,-1.0444444444444445,
2022-07-19,-47.0,22.5,-1.0444444444444445,
2022-07-20,-47.0,22.5,-1.0444444444444445,
2022-07-21,-47.0,22.5,-1.0444444444444445,
2022-07-22,-47.0,22.5,-1.0444444444444445,
2022-07-25,117.5,22.5,2.611111111111111,
2022-07-26,-47.0,22.5,-1.0444444444444445,
2022-07-27,-47.0,22.5,-1.0444444444444445,
2022-07-28,-47.0,22.5,-1.0444444444444445,
2022-07-29,-47.0,22.5,-1.0444444444444445,
2022-08-01,-2.0,22.5,-0.044444444444444446,
2022-08-02,-47.0,22.5,-1.0444444444444445,
2022-08-03,461.5,22.5,10.255555555555556,
2022-08-04,-47.0,22.5,-1.0444444444444445,
2022-08-05,-47.0,22.5,-1.0444444444444445,
2022-08-08,-47.0,22.5,-1.0444444444444445,
2022-08-09,-47.0,22.5,-1.0444444444444445,
2022-08-10,-47.0,22.5,-1.0444444444444445,
2022-08-11,-47.0,22.5,-1.0444444444444445,
2022-08-12,-47.0,22.5,-1.0444444444444445,
2022-08-15,-47.0,22.5,-1.0444444444444445,
2022-08-16,-47.0,22.5,-1.0444444444444445,
2022-08-17,-47.0,22.5,-1.0444444444444445,
2022-08-18,-47.0,22.5,-1.0444444444444445,
2022-08-19,160.0,22.5,3.5555555555555554,
2022-08-22,-47.0,22.5,-1.0444444444444445,
2022-08-23,-47.0,22.5,-1.0444444444444445,
2022-08-24,-47.0,22.5,-1.0444444444444445,
2022-08-25,-47.0,22.5,-1.0444444444444445,
2022-08-26,-2.0,22.5,-0.044444444444444446,
2022-08-29,-47.0,22.5,-1.0444444444444445,
2022-08-30,395.5,22.5,8.78888888888889,
2022-08-31,-47.0,22.5,-1.0444444444444445,
2022-09-01,-47.0,22.5,-1.0444444444444445,
2022-09-02,-47.0,22.5,-1.0444444444444445,
2022-09-05,-4.0,22.5,-0.08888888888888889,
2022-09-06,-47.0,22.5,-1.0444444444444445,
2022-09-07,-47.0,22.5,-1.0444444444444445,
2022-09-08,-47.0,22.5,-1.0444444444444445,
2022-09-09,-47.0,22.5,-1.0444444444444445,
2022-09-12,-47.0,22.5,-1.0444444444444445,
2022-09-13,-47.0,22.5,-1.0444444444444445,
2022-09-14,-47.0,22.5,-1.0444444444444445,
2022-09-15,-47.0,22.5,-1.0444444444444445,
2022-09-16,-47.0,22.5,-1.0444444444444445,
2022-09-19,-47.0,22.5,-1.0444444444444445,
2022-09-20,-47.0,22.5,-1.0444444444444445,
2022-09-21,-47.0,22.5,-1.0444444444444445,
2022-09-22,-2.0,22.5,-0.044444444444444446,
2022-09-23,-47.0,22.5,-1.0444444444444445,
2022-09-26,-2.0,22.5,-0.044444444444444446,
2022-09-27,-47.0,22.5,-1.0444444444444445,
2022-09-28,-47.0,22.5,-1.0444444444444445,
2022-09-29,201.5,22.5,4.477777777777778,
2022-09-30,-47.0,22.5,-1.0444444444444445,
2022-10-03,-47.0,22.5,-1.0444444444444445,
2022-10-04,-2.0,22.5,-0.044444444444444446,
2022-10-05,-47.0,22.5,-1.0444444444444445,
2022-10-06,-47.0,22.5,-1.0444444444444445,
2022-10-07,349.0,22.5,7.7555555555555555,
2022-10-10,-2.0,22.5,-0.044444444444444446,
2022-10-11,-47.0,22.5,-1.0444444444444445,
2022-10-12,-47.0,22.5,-1.0444444444444445,
2022-10-13,992.5,22.5,22.055555555555557,
2022-10-14,-47.0,22.5,-1.0444444444444445,
2022-10-17,143.0,22.5,3.1777777777777776,
2022-10-18,-47.0,22.5,-1.0444444444444445,
2022-10-19,-47.0,22.5,-1.0444444444444445,
2022-10-20,-47.0,22.5,-1.0444444444444445,
2022-10-21,-47.0,22.5,-1.0444444444444445,
2022-10-24,-47.0,22.5,-1.0444444444444445,
2022-10-25,-47.0,22.5,-1.0444444444444445,
2022-10-26,-47.0,22.5,-1.0444444444444445,
2022-10-27,-2.0,22.5,-0.044444444444444446,
2022-10-28,-47.0,22.5,-1.0444444444444445,
2022-10-31,-47.0,22.5,-1.0444444444444445,
2022-11-01,502.5,22.5,11.166666666666666,
2022-11-02,-47.0,22.5,-1.0444444444444445,
2022-11-03,-47.0,22.5,-1.0444444444444445,
2022-11-04,-2.0,22.5,-0.044444444444444446,
2022-11-07,-47.0,22.5,-1.0444444444444445,
2022-11-08,-47.0,22.5,-1.0444444444444445,
2022-11-09,-47.0,22.5,-1.0444444444444445,
2022-11-10,502.5,22.5,11.166666666666666,
2022-11-11,-47.0,22.5,-1.0444444444444445,
2022-11-14,-47.0,22.5,-1.0444444444444445,
2022-11-15,-47.0,22.5,-1.0444444444444445,
2022-11-16,-47.0,22.5,-1.0444444444444445,
2022-11-17,259.0,22.5,5.7555555555555555,
2022-11-18,123.5,22.5,2.7444444444444445,
2022-11-21,-47.0,22.5,-1.0444444444444445,
2022-11-22,-47.0,22.5,-1.0444444444444445,
2022-11-23,-2.0,22.5,-0.044444444444444446,
2022-11-25,-47.0,22.5,-1.0444444444444445,
2022-11-28,-47.0,22.5,-1.0444444444444445,
2022-11-29,-47.0,22.5,-1.0444444444444445,
2022-11-30,-47.0,22.5,-1.0444444444444445,
2022-12-01,-47.0,22.5,-1.0444444444444445,
2022-12-02,-47.0,22.5,-1.0444444444444445,
2022-12-05,-47.0,22.5,-1.0444444444444445,
2022-12-06,413.5,22.5,9.188888888888888,
2022-12-07,-47.0,22.5,-1.0444444444444445,
2022-12-08,-47.0,22.5,-1.0444444444444445,
2022-12-09,-47.0,22.5,-1.0444444444444445,
2022-12-12,-47.0,22.5,-1.0444444444444445,
2022-12-13,-47.0,22.5,-1.0444444444444445,
2022-12-14,-47.0,22.5,-1.0444444444444445,
2022-12-15,360.0,22.5,8.0,
2022-12-16,-47.0,22.5,-1.0444444444444445,
2022-12-19,-47.0,22.5,-1.0444444444444445,
2022-12-20,-47.0,22.5,-1.0444444444444445,
2022-12-21,-47.0,22.5,-1.0444444444444445,
2022-12-22,173.5,22.5,3.8555555555555556,
2022-12-23,-47.0,22.5,-1.0444444444444445,
2022-12-27,198.0,22.5,4.4,
2022-12-28,-47.0,22.5,-1.0444444444444445,
2022-12-29,217.5,22.5,4.833333333333333,
2022-12-30,-47.0,22.5,-1.0444444444444445,
2023-01-03,-47.0,22.5,-1.0444444444444445,
2023-01-04,-47.0,22.5,-1.0444444444444445,
2023-01-05,-47.0,22.5,-1.0444444444444445,
2023-01-06,-47.0,22.5,-1.0444444444444445,
2023-01-09,-47.0,22.5,-1.0444444444444445,
2023-01-10,-47.0,22.5,-1.0444444444444445,
2023-01-11,-47.0,22.5,-1.0444444444444445,
2023-01-12,-47.0,22.5,-1.0444444444444445,
2023-01-13,-47.0,22.5,-1.0444444444444445,
2023-01-16,-47.0,22.5,-1.0444444444444445,
2023-01-17,-47.0,22.5,-1.0444444444444445,
2023-01-18,-47.0,22.5,-1.0444444444444445,
2023-01-19,-47.0,22.5,-1.0444444444444445,
2023-01-20,-47.0,22.5,-1.0444444444444445,
2023-01-23,416.0,22.5,9.244444444444444,
2023-01-24,-47.0,22.5,-1.0444444444444445,
2023-01-25,-47.0,22.5,-1.0444444444444445,
2023-01-26,-47.0,22.5,-1.0444444444444445,
2023-01-27,279.5,22.5,6.211111111111111,
2023-01-30,-47.0,22.5,-1.0444444444444445,
2023-01-31,-47.0,22.5,-1.0444444444444445,
2023-02-01,-47.0,22.5,-1.0444444444444445,
2023-02-02,-47.0,22.5,-1.0444444444444445,
2023-02-03,-47.0,22.5,-1.0444444444444445,
2023-02-06,-47.0,22.5,-1.0444444444444445,
2023-02-07,-47.0,22.5,-1.0444444444444445,
2023-02-08,-47.0,22.5,-1.0444444444444445,
2023-02-09,530.0,22.5,11.777777777777779,
2023-02-10,-47.0,22.5,-1.0444444444444445,
2023-02-13,-47.0,22.5,-1.0444444444444445,
2023-02-14,-47.0,22.5,-1.0444444444444445,
2023-02-15,-47.0,22.5,-1.0444444444444445,
2023-02-16,-47.0,22.5,-1.0444444444444445,
2023-02-17,-47.0,22.5,-1.0444444444444445,
2023-02-20,35.0,22.5,0.7777777777777778,
2023-02-21,-47.0,22.5,-1.0444444444444445,
2023-02-22,-47.0,22.5,-1.0444444444444445,
2023-02-23,-47.0,22.5,-1.0444444444444445,
2023-02-24,-47.0,22.5,-1.0444444444444445,
2023-02-27,-47.0,22.5,-1.0444444444444445,
2023-02-28,-47.0,22.5,-1.0444444444444445,
2023-03-01,-47.0,22.5,-1.0444444444444445,
2023-03-02,-47.0,22.5,-1.0444444444444445,
2023-03-03,-47.0,22.5,-1.0444444444444445,
2023-03-06,-47.0,22.5,-1.0444444444444445,
2023-03-07,-47.0,22.5,-1.0444444444444445,
2023-03-08,-47.0,22.5,-1.0444444444444445,
2023-03-09,-47.0,22.5,-1.0444444444444445,
2023-03-10,-47.0,22.5,-1.0444444444444445,
2023-03-13,-47.0,22.5,-1.0444444444444445,
2023-03-14,-47.0,22.5,-1.0444444444444445,
2023-03-15,-47.0,22.5,-1.0444444444444445,
2023-03-16,-47.0,22.5,-1.0444444444444445,
2023-03-17,-47.0,22.5,-1.0444444444444445,
2023-03-20,-47.0,22.5,-1.0444444444444445,
2023-03-21,-47.0,22.5,-1.0444444444444445,
2023-03-22,-2.0,22.5,-0.044444444444444446,
2023-03-23,-2.0,22.5,-0.044444444444444446,
2023-03-24,-47.0,22.5,-1.0444444444444445,
2023-03-27,-47.0,22.5,-1.0444444444444445,
2023-03-28,9.5,22.5,0.2111111111111111,
2023-03-29,-47.0,22.5,-1.0444444444444445,
2023-03-30,-47.0,22.5,-1.0444444444444445,
2023-03-31,355.0,22.5,7.888888888888889,
2023-04-03,-47.0,22.5,-1.0444444444444445,
2023-04-04,-47.0,22.5,-1.0444444444444445,
2023-04-05,163.5,22.5,3.6333333333333333,
2023-04-06,-47.0,22.5,-1.0444444444444445,
2023-04-10,-47.0,22.5,-1.0444444444444445,
2023-04-11,69.5,22.5,1.5444444444444445,
2023-04-12,350.5,22.5,7.788888888888889,
2023-04-13,303.0,22.5,6.733333333333333,
2023-04-14,-47.0,22.5,-1.0444444444444445,
2023-04-17,-47.0,22.5,-1.0444444444444445,
2023-04-18,-47.0,22.5,-1.0444444444444445,
2023-04-19,-47.0,22.5,-1.0444444444444445,
2023-04-20,-2.0,22.5,-0.044444444444444446,
2023-04-21,-47.0,22.5,-1.0444444444444445,
2023-04-24,-47.0,22.5,-1.0444444444444445,
2023-04-25,-47.0,22.5,-1.0444444444444445,
2023-04-26,-47.0,22.5,-1.0444444444444445,
2023-04-27,-47.0,22.5,-1.0444444444444445,
2023-04-28,-47.0,22.5,-1.0444444444444445,
2023-05-01,-47.0,22.5,-1.0444444444444445,
2023-05-02,-47.0,22.5,-1.0444444444444445,
2023-05-03,-47.0,22.5,-1.0444444444444445,
2023-05-04,-47.0,22.5,-1.0444444444444445,
2023-05-05,337.5,22.5,7.5,
2023-05-08,-47.0,22.5,-1.0444444444444445,
2023-05-09,-47.0,22.5,-1.0444444444444445,
2023-05-10,-47.0,22.5,-1.0444444444444445,
2023-05-11,-47.0,22.5,-1.0444444444444445,
2023-05-12,-47.0,22.5,-1.0444444444444445,
2023-05-15,-47.0,22.5,-1.0444444444444445,
2023-05-16,27.5,22.5,0.6111111111111112,
2023-05-17,-47.0,22.5,-1.0444444444444445,
2023-05-18,427.0,22.5,9.488888888888889,
2023-05-19,-47.0,22.5,-1.0444444444444445,
2023-05-22,-47.0,22.5,-1.0444444444444445,
2023-05-23,-47.0,22.5,-1.0444444444444445,
2023-05-24,-47.0,22.5,-1.0444444444444445,
2023-05-25,-47.0,22.5,-1.0444444444444445,
2023-05-26,532.5,22.5,11.833333333333334,
2023-05-29,-47.0,22.5,-1.0444444444444445,
2023-05-30,-47.0,22.5,-1.0444444444444445,
2023-05-31,-47.0,22.5,-1.0444444444444445,
2023-06-01,-47.0,22.5,-1.0444444444444445,
2023-06-02,-47.0,22.5,-1.0444444444444445,
2023-06-05,-47.0,22.5,-1.0444444444444445,
2023-06-06,-47.0,22.5,-1.0444444444444445,
2023-06-07,-47.0,22.5,-1.0444444444444445,
2023-06-08,-47.0,22.5,-1.0444444444444445,
2023-06-09,-47.0,22.5,-1.0444444444444445,
2023-06-12,-47.0,22.5,-1.0444444444444445,
2023-06-13,-2.0,22.5,-0.044444444444444446,
2023-06-14,-47.0,22.5,-1.0444444444444445,
2023-06-15,450.0,22.5,10.0,
2023-06-16,-47.0,22.5,-1.0444444444444445,
2023-06-19,10.5,22.5,0.23333333333333334,
2023-06-20,-47.0,22.5,-1.0444444444444445,
2023-06-21,221.0,22.5,4.911111111111111,
2023-06-22,409.0,22.5,9.088888888888889,
2023-06-23,-47.0,22.5,-1.0444444444444445,
2023-06-26,-47.0,22.5,-1.0444444444444445,
2023-06-27,-47.0,22.5,-1.0444444444444445,
2023-06-28,-47.0,22.5,-1.0444444444444445,
2023-06-29,-47.0,22.5,-1.0444444444444445,
2023-06-30,122.0,22.5,2.7111111111111112,
2023-07-03,-47.0,22.5,-1.0444444444444445,
2023-07-04,-47.0,22.5,-1.0444444444444445,
2023-07-05,53.5,22.5,1.1888888888888889,
2023-07-06,-47.0,22.5,-1.0444444444444445,
2023-07-07,-47.0,22.5,-1.0444444444444445,
2023-07-10,-47.0,22.5,-1.0444444444444445,
2023-07-11,-47.0,22.5,-1.0444444444444445,
2023-07-12,-47.0,22.5,-1.0444444444444445,
2023-07-13,-47.0,22.5,-1.0444444444444445,
2023-07-14,-47.0,22.5,-1.0444444444444445,
2023-07-17,-47.0,22.5,-1.0444444444444445,
2023-07-18,-47.0,22.5,-1.0444444444444445,
2023-07-19,-47.0,22.5,-1.0444444444444445,
2023-07-20,-47.0,22.5,-1.0444444444444445,
2023-07-21,-47.0,22.5,-1.0444444444444445,
2023-07-24,-47.0,22.5,-1.0444444444444445,
2023-07-25,92.5,22.5,2.0555555555555554,
2023-07-26,-47.0,22.5,-1.0444444444444445,
2023-07-27,-47.0,22.5,-1.0444444444444445,
2023-07-28,170.0,22.5,3.7777777777777777,
2023-07-31,-47.0,22.5,-1.0444444444444445,
2023-08-01,-47.0,22.5,-1.0444444444444445,
2023-08-02,312.5,22.5,6.944444444444445,
2023-08-03,-47.0,22.5,-1.0444444444444445,
2023-08-04,-47.0,22.5,-1.0444444444444445,
2023-08-07,-47.0,22.5,-1.0444444444444445,
2023-08-08,-2.0,22.5,-0.044444444444444446,
2023-08-09,346.0,22.5,7.688888888888889,
2023-08-10,-47.0,22.5,-1.0444444444444445,
2023-08-11,-47.0,22.5,-1.0444444444444445,
2023-08-14,-47.0,22.5,-1.0444444444444445,
2023-08-15,-47.0,22.5,-1.0444444444444445,
2023-08-16,-47.0,22.5,-1.0444444444444445,
2023-08-17,393.0,22.5,8.733333333333333,
2023-08-18,-47.0,22.5,-1.0444444444444445,
2023-08-21,-47.0,22.5,-1.0444444444444445,
2023-08-22,235.0,22.5,5.222222222222222,
2023-08-23,350.0,22.5,7.777777777777778,
2023-08-24,792.5,22.5,17.61111111111111,
2023-08-25,-47.0,22.5,-1.0444444444444445,
2023-08-28,-47.0,22.5,-1.0444444444444445,
2023-08-29,-47.0,22.5,-1.0444444444444445,
2023-08-30,-47.0,22.5,-1.0444444444444445,
2023-08-31,-47.0,22.5,-1.0444444444444445,
2023-09-01,-47.0,22.5,-1.0444444444444445,
2023-09-04,-47.0,22.5,-1.0444444444444445,
2023-09-06,-47.0,22.5,-1.0444444444444445,
2023-09-07,-47.0,22.5,-1.0444444444444445,
2023-09-08,-47.0,22.5,-1.0444444444444445,
2023-09-11,-47.0,22.5,-1.0444444444444445,
2023-09-12,-47.0,22.5,-1.0444444444444445,
2023-09-13,-47.0,22.5,-1.0444444444444445,
2023-09-14,-47.0,22.5,-1.0444444444444445,
2023-09-15,390.0,22.5,8.666666666666666,
2023-09-18,-47.0,22.5,-1.0444444444444445,
2023-09-19,-47.0,22.5,-1.0444444444444445,
2023-09-20,-47.0,22.5,-1.0444444444444445,
2023-09-21,-47.0,22.5,-1.0444444444444445,
2023-09-22,-47.0,22.5,-1.0444444444444445,
2023-09-25,-47.0,22.5,-1.0444444444444445,
2023-09-26,179.5,22.5,3.988888888888889,
2023-09-27,-47.0,22.5,-1.0444444444444445,
2023-09-28,-47.0,22.5,-1.0444444444444445,
2023-09-29,-47.0,22.5,-1.0444444444444445,
2023-10-02,-2.0,22.5,-0.044444444444444446,
2023-10-03,-47.0,22.5,-1.0444444444444445,
2023-10-04,-47.0,22.5,-1.0444444444444445,
2023-10-05,-2.0,22.5,-0.044444444444444446,
2023-10-09,-47.0,22.5,-1.0444444444444445,
2023-10-10,125.5,22.5,2.7888888888888888,
2023-10-11,-47.0,22.5,-1.0444444444444445,
2023-10-12,-47.0,22.5,-1.0444444444444445,
2023-10-13,377.0,22.5,8.377777777777778,
2023-10-16,-47.0,22.5,-1.0444444444444445,
2023-10-17,-47.0,22.5,-1.0444444444444445,
2023-10-18,-47.0,22.5,-1.0444444444444445,
2023-10-19,-47.0,22.5,-1.0444444444444445,
2023-10-20,-47.0,22.5,-1.0444444444444445,
2023-10-23,-47.0,22.5,-1.0444444444444445,
2023-10-24,-47.0,22.5,-1.0444444444444445,
2023-10-25,390.0,22.5,8.666666666666666,
2023-10-26,-47.0,22.5,-1.0444444444444445,
2023-10-27,-47.0,22.5,-1.0444444444444445,
2023-10-30,-47.0,22.5,-1.0444444444444445,
2023-10-31,-47.0,22.5,-1.0444444444444445,
2023-11-01,405.0,22.5,9.0,
2023-11-02,-47.0,22.5,-1.0444444444444445,
2023-11-03,233.5,22.5,5.188888888888889,
2023-11-06,-47.0,22.5,-1.0444444444444445,
2023-11-07,-47.0,22.5,-1.0444444444444445,
2023-11-08,-47.0,22.5,-1.0444444444444445,
2023-11-09,-47.0,22.5,-1.0444444444444445,
2023-11-10,-47.0,22.5,-1.0444444444444445,
2023-11-13,-47.0,22.5,-1.0444444444444445,
2023-11-14,86.0,22.5,1.9111111111111112,
2023-11-15,-47.0,22.5,-1.0444444444444445,
2023-11-16,-47.0,22.5,-1.0444444444444445,
2023-11-17,-47.0,22.5,-1.0444444444444445,
2023-11-20,-47.0,22.5,-1.0444444444444445,
2023-11-21,9.0,22.5,0.2,
2023-11-22,-47.0,22.5,-1.0444444444444445,
2023-11-23,-10.0,22.5,-0.2222222222222222,
2023-11-24,20.0,22.5,0.4444444444444444,
2023-11-27,-3.0,22.5,-0.06666666666666667,
2023-11-28,-47.0,22.5,-1.0444444444444445,
2023-11-29,-47.0,22.5,-1.0444444444444445,
2023-11-30,19.5,22.5,0.43333333333333335,
2023-12-01,-47.0,22.5,-1.0444444444444445,
2023-12-04,-47.0,22.5,-1.0444444444444445,
2023-12-05,205.0,22.5,4.555555555555555,
2023-12-06,300.0,22.5,6.666666666666667,
2023-12-07,-47.0,22.5,-1.0444444444444445,
2023-12-08,-47.0,22.5,-1.0444444444444445,
2023-12-11,-47.0,22.5,-1.0444444444444445,
2023-12-12,-47.0,22.5,-1.0444444444444445,
2023-12-13,-47.0,22.5,-1.0444444444444445,
2023-12-14,-47.0,22.5,-1.0444444444444445,
2023-12-15,-47.0,22.5,-1.0444444444444445,
2023-12-18,145.0,22.5,3.2222222222222223,
2023-12-19,91.0,22.5,2.022222222222222,
2023-12-20,-47.0,22.5,-1.0444444444444445,
2023-12-21,-47.0,22.5,-1.0444444444444445,
2023-12-22,-47.0,22.5,-1.0444444444444445,
2023-12-26,104.0,22.5,2.311111111111111,
2023-12-27,-47.0,22.5,-1.0444444444444445,
2023-12-28,74.0,22.5,1.6444444444444444,
2023-12-29,-47.0,22.5,-1.0444444444444445,
2024-01-02,219.5,22.5,4.877777777777778,
2024-01-03,-47.0,22.5,-1.0444444444444445,
2024-01-04,-47.0,22.5,-1.0444444444444445,
2024-01-05,-47.0,22.5,-1.0444444444444445,
2024-01-08,509.5,22.5,11.322222222222223,
2024-01-09,-47.0,22.5,-1.0444444444444445,
2024-01-10,-47.0,22.5,-1.0444444444444445,
2024-01-11,-47.0,22.5,-1.0444444444444445,
2024-01-12,-47.0,22.5,-1.0444444444444445,
2024-01-16,-47.0,22.5,-1.0444444444444445,
2024-01-17,-47.0,22.5,-1.0444444444444445,
2024-01-18,-47.0,22.5,-1.0444444444444445,
2024-01-19,-47.0,22.5,-1.0444444444444445,
2024-01-22,-47.0,22.5,-1.0444444444444445,
2024-01-23,-47.0,22.5,-1.0444444444444445,
2024-01-24,-47.0,22.5,-1.0444444444444445,
2024-01-25,-47.0,22.5,-1.0444444444444445,
2024-01-26,-47.0,22.5,-1.0444444444444445,
2024-01-29,-47.0,22.5,-1.0444444444444445,
2024-01-30,-47.0,22.5,-1.0444444444444445,
2024-01-31,-47.0,22.5,-1.0444444444444445,
2024-02-01,-47.0,22.5,-1.0444444444444445,
2024-02-02,350.5,22.5,7.788888888888889,
2024-02-05,-47.0,22.5,-1.0444444444444445,
2024-02-06,134.0,22.5,2.977777777777778,
2024-02-07,-47.0,22.5,-1.0444444444444445,
2024-02-08,-47.0,22.5,-1.0444444444444445,
2024-02-09,-47.0,22.5,-1.0444444444444445,
2024-02-12,-47.0,22.5,-1.0444444444444445,
2024-02-13,-47.0,22.5,-1.0444444444444445,
2024-02-14,-47.0,22.5,-1.0444444444444445,
2024-02-15,-47.0,22.5,-1.0444444444444445,
2024-02-16,321.5,22.5,7.144444444444445,
2024-02-19,-13.5,22.5,-0.3,
2024-02-20,-47.0,22.5,-1.0444444444444445,
2024-02-21,-47.0,22.5,-1.0444444444444445,
2024-02-22,283.0,22.5,6.288888888888889,
2024-02-23,-47.0,22.5,-1.0444444444444445,
2024-02-26,-47.0,22.5,-1.0444444444444445,
2024-02-27,-47.0,22.5,-1.0444444444444445,
2024-02-28,-47.0,22.5,-1.0444444444444445,
2024-02-29,-47.0,22.5,-1.0444444444444445,
2024-03-01,-47.0,22.5,-1.0444444444444445,
2024-03-04,-47.0,22.5,-1.0444444444444445,
2024-03-05,283.5,22.5,6.3,
2024-03-06,-2.0,22.5,-0.044444444444444446,
2024-03-07,-47.0,22.5,-1.0444444444444445,
2024-03-08,-47.0,22.5,-1.0444444444444445,
2024-03-11,-47.0,22.5,-1.0444444444444445,
2024-03-12,-47.0,22.5,-1.0444444444444445,
2024-03-13,120.5,22.5,2.6777777777777776,
2024-03-14,-47.0,22.5,-1.0444444444444445,
2024-03-15,-47.0,22.5,-1.0444444444444445,
2024-03-18,-47.0,22.5,-1.0444444444444445,
2024-03-19,-47.0,22.5,-1.0444444444444445,
2024-03-20,-47.0,22.5,-1.0444444444444445,
2024-03-21,-47.0,22.5,-1.0444444444444445,
2024-03-22,-47.0,22.5,-1.0444444444444445,
2024-03-25,-47.0,22.5,-1.0444444444444445,
2024-03-26,-47.0,22.5,-1.0444444444444445,
2024-03-27,25.5,22.5,0.5666666666666667,
2024-03-28,-47.0,22.5,-1.0444444444444445,
2024-04-01,-47.0,22.5,-1.0444444444444445,
2024-04-02,-47.0,22.5,-1.0444444444444445,
2024-04-03,-47.0,22.5,-1.0444444444444445,
2024-04-04,-47.0,22.5,-1.0444444444444445,
2024-04-05,-47.0,22.5,-1.0444444444444445,
2024-04-08,-47.0,22.5,-1.0444444444444445,
2024-04-09,-47.0,22.5,-1.0444444444444445,
2024-04-10,-47.0,22.5,-1.0444444444444445,
2024-04-11,-47.0,22.5,-1.0444444444444445,
2024-04-12,-47.0,22.5,-1.0444444444444445,
2024-04-15,-47.0,22.5,-1.0444444444444445,
2024-04-16,-47.0,22.5,-1.0444444444444445,
2024-04-17,499.5,22.5,11.1,
2024-04-18,-47.0,22.5,-1.0444444444444445,
2024-04-19,-47.0,22.5,-1.0444444444444445,
2024-04-22,-47.0,22.5,-1.0444444444444445,
2024-04-23,330.0,22.5,7.333333333333333,
2024-04-24,-47.0,22.5,-1.0444444444444445,
2024-04-25,-47.0,22.5,-1.0444444444444445,
2024-04-26,-47.0,22.5,-1.0444444444444445,
2024-04-29,-47.0,22.5,-1.0444444444444445,
2024-04-30,-47.0,22.5,-1.0444444444444445,
2024-05-01,-47.0,22.5,-1.0444444444444445,
2024-05-02,-2.0,22.5,-0.044444444444444446,
2024-05-03,-47.0,22.5,-1.0444444444444445,
2024-05-06,223.5,22.5,4.966666666666667,
2024-05-07,-47.0,22.5,-1.0444444444444445,
2024-05-08,160.5,22.5,3.566666666666667,
2024-05-09,-47.0,22.5,-1.0444444444444445,
2024-05-10,-47.0,22.5,-1.0444444444444445,
2024-05-13,-8.0,22.5,-0.17777777777777778,
2024-05-14,228.5,22.5,5.0777777777777775,
2024-05-15,-47.0,22.5,-1.0444444444444445,
2024-05-16,-47.0,22.5,-1.0444444444444445,
2024-05-17,-47.0,22.5,-1.0444444444444445,
2024-05-20,154.0,22.5,3.422222222222222,
2024-05-21,153.0,22.5,3.4,
2024-05-22,-47.0,22.5,-1.0444444444444445,
2024-05-23,479.5,22.5,10.655555555555555,
2024-05-24,-47.0,22.5,-1.0444444444444445,
2024-05-27,-47.0,22.5,-1.0444444444444445,
2024-05-28,-47.0,22.5,-1.0444444444444445,
2024-05-29,30.0,22.5,0.6666666666666666,
2024-05-30,-47.0,22.5,-1.0444444444444445,
2024-05-31,-47.0,22.5,-1.0444444444444445,
2024-06-03,-47.0,22.5,-1.0444444444444445,
2024-06-04,-47.0,22.5,-1.0444444444444445,
2024-06-05,-47.0,22.5,-1.0444444444444445,
2024-06-06,-47.0,22.5,-1.0444444444444445,
2024-06-07,-47.0,22.5,-1.0444444444444445,
2024-06-10,-47.0,22.5,-1.0444444444444445,
2024-06-11,-47.0,22.5,-1.0444444444444445,
2024-06-12,-2.0,22.5,-0.044444444444444446,
2024-06-13,-47.0,22.5,-1.0444444444444445,
2024-06-14,207.0,22.5,4.6,
2024-06-17,-47.0,22.5,-1.0444444444444445,
2024-06-18,-47.0,22.5,-1.0444444444444445,
2024-06-19,16.0,22.5,0.35555555555555557,
2024-06-20,-47.0,22.5,-1.0444444444444445,
2024-06-21,-47.0,22.5,-1.0444444444444445,
2024-06-24,-47.0,22.5,-1.0444444444444445,
2024-06-25,-47.0,22.5,-1.0444444444444445,
2024-06-26,-47.0,22.5,-1.0444444444444445,
2024-06-27,-47.0,22.5,-1.0444444444444445,
2024-06-28,-47.0,22.5,-1.0444444444444445,
2024-07-01,-47.0,22.5,-1.0444444444444445,
2024-07-02,465.5,22.5,10.344444444444445,
2024-07-03,-47.0,22.5,-1.0444444444444445,
2024-07-04,15.5,22.5,0.34444444444444444,
2024-07-05,-47.0,22.5,-1.0444444444444445,
2024-07-08,-47.0,22.5,-1.0444444444444445,
2024-07-09,-47.0,22.5,-1.0444444444444445,
2024-07-10,-47.0,22.5,-1.0444444444444445,
2024-07-11,858.0,22.5,19.066666666666666,
2024-07-12,-47.0,22.5,-1.0444444444444445,
2024-07-15,-47.0,22.5,-1.0444444444444445,
2024-07-16,-47.0,22.5,-1.0444444444444445,
2024-07-17,-47.0,22.5,-1.0444444444444445,
2024-07-18,414.5,22.5,9.21111111111111,
2024-07-19,-47.0,22.5,-1.0444444444444445,
2024-07-22,-47.0,22.5,-1.0444444444444445,
2024-07-23,-47.0,22.5,-1.0444444444444445,
2024-07-24,753.5,22.5,16.744444444444444,
2024-07-25,-47.0,22.5,-1.0444444444444445,
2024-07-26,-47.0,22.5,-1.0444444444444445,
2024-07-29,-47.0,22.5,-1.0444444444444445,
2024-07-30,640.0,22.5,14.222222222222221,
2024-07-31,-47.0,22.5,-1.0444444444444445,
2024-08-01,-47.0,22.5,-1.0444444444444445,
2024-08-02,-47.0,22.5,-1.0444444444444445,
2024-08-05,-47.0,22.5,-1.0444444444444445,
2024-08-06,-47.0,22.5,-1.0444444444444445,
2024-08-07,-47.0,22.5,-1.0444444444444445,
2024-08-08,-47.0,22.5,-1.0444444444444445,
2024-08-09,-47.0,22.5,-1.0444444444444445,
2024-08-12,-47.0,22.5,-1.0444444444444445,
2024-08-13,-47.0,22.5,-1.0444444444444445,
2024-08-14,-47.0,22.5,-1.0444444444444445,
2024-08-15,444.5,22.5,9.877777777777778,
2024-08-16,-47.0,22.5,-1.0444444444444445,
2024-08-19,-47.0,22.5,-1.0444444444444445,
2024-08-20,-47.0,22.5,-1.0444444444444445,
2024-08-21,-47.0,22.5,-1.0444444444444445,
2024-08-22,-47.0,22.5,-1.0444444444444445,
2024-08-23,-47.0,22.5,-1.0444444444444445,
2024-08-26,-47.0,22.5,-1.0444444444444445,
2024-08-27,-47.0,22.5,-1.0444444444444445,
2024-08-28,-47.0,22.5,-1.0444444444444445,
2024-08-29,-47.0,22.5,-1.0444444444444445,
2024-08-30,-47.0,22.5,-1.0444444444444445,
2024-09-02,-47.0,22.5,-1.0444444444444445,
2024-09-03,816.5,22.5,18.144444444444446,
2024-09-04,-47.0,22.5,-1.0444444444444445,
2024-09-05,-47.0,22.5,-1.0444444444444445,
2024-09-06,-47.0,22.5,-1.0444444444444445,
2024-09-09,-47.0,22.5,-1.0444444444444445,
2024-09-10,-47.0,22.5,-1.0444444444444445,
2024-09-11,-47.0,22.5,-1.0444444444444445,
2024-09-12,-47.0,22.5,-1.0444444444444445,
2024-09-13,-47.0,22.5,-1.0444444444444445,
2024-09-16,-47.0,22.5,-1.0444444444444445,
2024-09-17,-47.0,22.5,-1.0444444444444445,
2024-09-18,-47.0,22.5,-1.0444444444444445,
2024-09-20,-47.0,22.5,-1.0444444444444445,
2024-09-23,-47.0,22.5,-1.0444444444444445,
2024-09-24,-2.0,22.5,-0.044444444444444446,
2024-09-25,-47.0,22.5,-1.0444444444444445,
2024-09-26,215.5,22.5,4.788888888888889,
2024-09-27,269.5,22.5,5.988888888888889,
2024-09-30,-47.0,22.5,-1.0444444444444445,
2024-10-01,391.5,22.5,8.7,
2024-10-02,-47.0,22.5,-1.0444444444444445,
2024-10-03,-47.0,22.5,-1.0444444444444445,
2024-10-04,-47.0,22.5,-1.0444444444444445,
2024-10-07,-47.0,22.5,-1.0444444444444445,
2024-10-08,320.5,22.5,7.122222222222222,
2024-10-09,-47.0,22.5,-1.0444444444444445,
2024-10-10,-47.0,22.5,-1.0444444444444445,
2024-10-11,-47.0,22.5,-1.0444444444444445,
2024-10-14,-47.0,22.5,-1.0444444444444445,
2024-10-15,-47.0,22.5,-1.0444444444444445,
2024-10-16,-47.0,22.5,-1.0444444444444445,
2024-10-17,-47.0,22.5,-1.0444444444444445,
2024-10-18,-47.0,22.5,-1.0444444444444445,
2024-10-21,-47.0,22.5,-1.0444444444444445,
2024-10-22,227.0,22.5,5.044444444444444,
2024-10-23,-47.0,22.5,-1.0444444444444445,
2024-10-24,-47.0,22.5,-1.0444444444444445,
2024-10-25,-2.0,22.5,-0.044444444444444446,
2024-10-28,-47.0,22.5,-1.0444444444444445,
2024-10-29,-47.0,22.5,-1.0444444444444445,
2024-10-30,-47.0,22.5,-1.0444444444444445,
2024-10-31,-47.0,22.5,-1.0444444444444445,
2024-11-01,52.0,22.5,1.1555555555555554,
2024-11-04,-47.0,22.5,-1.0444444444444445,
2024-11-05,259.5,22.5,5.766666666666667,
2024-11-06,-47.0,22.5,-1.0444444444444445,
2024-11-07,362.0,22.5,8.044444444444444,
2024-11-08,-47.0,22.5,-1.0444444444444445,
2024-11-11,98.0,22.5,2.1777777777777776,
2024-11-12,-47.0,22.5,-1.0444444444444445,
2024-11-13,-47.0,22.5,-1.0444444444444445,
2024-11-14,-47.0,22.5,-1.0444444444444445,
2024-11-15,481.0,22.5,10.688888888888888,
2024-11-18,-47.0,22.5,-1.0444444444444445,
2024-11-19,478.0,22.5,10.622222222222222,
2024-11-20,-2.0,22.5,-0.044444444444444446,
2024-11-21,-2.0,22.5,-0.044444444444444446,
2024-11-22,-47.0,22.5,-1.0444444444444445,
2024-11-25,-47.0,22.5,-1.0444444444444445,
2024-11-26,-47.0,22.5,-1.0444444444444445,
2024-11-27,138.0,22.5,3.066666666666667,
2024-11-28,-1.5,22.5,-0.03333333333333333,
2024-11-29,231.0,22.5,5.133333333333334,
2024-12-02,204.5,22.5,4.544444444444444,
2024-12-04,-47.0,22.5,-1.0444444444444445,
2024-12-05,-47.0,22.5,-1.0444444444444445,
2024-12-06,273.5,22.5,6.0777777777777775,
2024-12-09,-47.0,22.5,-1.0444444444444445,
2024-12-10,-47.0,22.5,-1.0444444444444445,
2024-12-11,368.5,22.5,8.188888888888888,
2024-12-12,-47.0,22.5,-1.0444444444444445,
2024-12-13,-47.0,22.5,-1.0444444444444445,
2024-12-16,-47.0,22.5,-1.0444444444444445,
2024-12-17,-47.0,22.5,-1.0444444444444445,
2024-12-18,-47.0,22.5,-1.0444444444444445,
2024-12-19,-47.0,22.5,-1.0444444444444445,
2024-12-20,-47.0,22.5,-1.0444444444444445,
2024-12-23,-47.0,22.5,-1.0444444444444445,
2024-12-24,355.0,22.5,7.888888888888889,
2024-12-26,-47.0,22.5,-1.0444444444444445,
2024-12-27,142.5,22.5,3.1666666666666665,
2024-12-30,-47.0,22.5,-1.0444444444444445,
2024-12-31,-47.0,22.5,-1.0444444444444445,
2025-01-02,-47.0,22.5,-1.0444444444444445,
2025-01-03,-47.0,22.5,-1.0444444444444445,
2025-01-06,-47.0,22.5,-1.0444444444444445,
2025-01-07,-47.0,22.5,-1.0444444444444445,
2025-01-08,-47.0,22.5,-1.0444444444444445,
2025-01-10,-47.0,22.5,-1.0444444444444445,
2025-01-13,-47.0,22.5,-1.0444444444444445,
2025-01-14,-47.0,22.5,-1.0444444444444445,
2025-01-15,-47.0,22.5,-1.0444444444444445,
2025-01-16,-47.0,22.5,-1.0444444444444445,
2025-01-17,-47.0,22.5,-1.0444444444444445,
2025-01-20,-47.0,22.5,-1.0444444444444445,
2025-01-21,-2.0,22.5,-0.044444444444444446,
2025-01-22,-47.0,22.5,-1.0444444444444445,
2025-01-23,-47.0,22.5,-1.0444444444444445,
2025-01-24,-47.0,22.5,-1.0444444444444445,
2025-01-27,-47.0,22.5,-1.0444444444444445,
2025-01-28,-47.0,22.5,-1.0444444444444445,
2025-01-29,-47.0,22.5,-1.0444444444444445,
2025-01-30,-47.0,22.5,-1.0444444444444445,
2025-01-31,-47.0,22.5,-1.0444444444444445,
2025-02-03,-47.0,22.5,-1.0444444444444445,
2025-02-04,430.5,22.5,9.566666666666666,
2025-02-05,-47.0,22.5,-1.0444444444444445,
2025-02-06,-47.0,22.5,-1.0444444444444445,
2025-02-07,-47.0,22.5,-1.0444444444444445,
2025-02-10,-47.0,22.5,-1.0444444444444445,
2025-02-11,-47.0,22.5,-1.0444444444444445,
2025-02-12,419.5,22.5,9.322222222222223,
2025-02-13,-47.0,22.5,-1.0444444444444445,
2025-02-14,-47.0,22.5,-1.0444444444444445,
2025-02-17,-47.0,22.5,-1.0444444444444445,
2025-02-18,21.0,22.5,0.4666666666666667,
2025-02-19,-47.0,22.5,-1.0444444444444445,
2025-02-20,-47.0,22.5,-1.0444444444444445,
2025-02-21,-47.0,22.5,-1.0444444444444445,
2025-02-24,-47.0,22.5,-1.0444444444444445,
2025-02-25,-47.0,22.5,-1.0444444444444445,
2025-02-26,-47.0,22.5,-1.0444444444444445,
2025-02-27,-47.0,22.5,-1.0444444444444445,
2025-02-28,-47.0,22.5,-1.0444444444444445,
2025-03-03,-47.0,22.5,-1.0444444444444445,
2025-03-04,-47.0,22.5,-1.0444444444444445,
2025-03-05,-47.0,22.5,-1.0444444444444445,
2025-03-06,-47.0,22.5,-1.0444444444444445,
2025-03-07,-47.0,22.5,-1.0444444444444445,
2025-03-10,-47.0,22.5,-1.0444444444444445,
2025-03-11,-47.0,22.5,-1.0444444444444445,
2025-03-12,-47.0,22.5,-1.0444444444444445,
2025-03-13,-2.0,22.5,-0.044444444444444446,
2025-03-14,-47.0,22.5,-1.0444444444444445,
2025-03-17,-47.0,22.5,-1.0444444444444445,
2025-03-18,273.0,22.5,6.066666666666666,
2025-03-19,-47.0,22.5,-1.0444444444444445,
2025-03-20,-2.0,22.5,-0.044444444444444446,
2025-03-21,-2.0,22.5,-0.044444444444444446,
2025-03-24,-47.0,22.5,-1.0444444444444445,
2025-03-25,-47.0,22.5,-1.0444444444444445,
2025-03-26,-47.0,22.5,-1.0444444444444445,
2025-03-27,-47.0,22.5,-1.0444444444444445,
2025-03-28,754.0,22.5,16.755555555555556,
2025-03-31,-47.0,22.5,-1.0444444444444445,
2025-04-01,-47.0,22.5,-1.0444444444444445,
2025-04-02,655.0,22.5,14.555555555555555,
2025-04-03,-47.0,22.5,-1.0444444444444445,
2025-04-04,-47.0,22.5,-1.0444444444444445,
2025-04-07,-2.0,22.5,-0.044444444444444446,
2025-04-08,-47.0,22.5,-1.0444444444444445,
2025-04-09,-47.0,22.5,-1.0444444444444445,
2025-04-10,-47.0,22.5,-1.0444444444444445,
2025-04-11,-47.0,22.5,-1.0444444444444445,
2025-04-14,-2.0,22.5,-0.044444444444444446,
2025-04-15,-47.0,22.5,-1.0444444444444445,
2025-04-16,-47.0,22.5,-1.0444444444444445,
2025-04-17,-47.0,22.5,-1.0444444444444445,
2025-04-21,-47.0,22.5,-1.0444444444444445,
2025-04-22,-47.0,22.5,-1.0444444444444445,
2025-04-23,-47.0,22.5,-1.0444444444444445,
2025-04-24,-47.0,22.5,-1.0444444444444445,
2025-04-25,-47.0,22.5,-1.0444444444444445,
2025-04-28,-47.0,22.5,-1.0444444444444445,
2025-04-29,-2.0,22.5,-0.044444444444444446,
2025-04-30,-47.0,22.5,-1.0444444444444445,
2025-05-01,-47.0,22.5,-1.0444444444444445,
2025-05-02,-47.0,22.5,-1.0444444444444445,
2025-05-05,-47.0,22.5,-1.0444444444444445,
2025-05-06,-47.0,22.5,-1.0444444444444445,
2025-05-07,-47.0,22.5,-1.0444444444444445,
2025-05-08,-47.0,22.5,-1.0444444444444445,
2025-05-09,-47.0,22.5,-1.0444444444444445,
2025-05-12,-47.0,22.5,-1.0444444444444445,
2025-05-13,464.5,22.5,10.322222222222223,
2025-05-14,-47.0,22.5,-1.0444444444444445,
2025-05-15,-47.0,22.5,-1.0444444444444445,
2025-05-16,-47.0,22.5,-1.0444444444444445,
2025-05-19,549.0,22.5,12.2,
2025-05-20,-47.0,22.5,-1.0444444444444445,
2025-05-21,-2.0,22.5,-0.044444444444444446,
2025-05-22,-47.0,22.5,-1.0444444444444445,
2025-05-23,-47.0,22.5,-1.0444444444444445,
2025-05-26,-47.0,22.5,-1.0444444444444445,
2025-05-27,-47.0,22.5,-1.0444444444444445,
2025-05-28,-47.0,22.5,-1.0444444444444445,
2025-05-29,395.0,22.5,8.777777777777779,
2025-05-30,-47.0,22.5,-1.0444444444444445,
2025-06-02,-47.0,22.5,-1.0444444444444445,
2025-06-03,279.5,22.5,6.211111111111111,
2025-06-04,-47.0,22.5,-1.0444444444444445,
2025-06-05,-47.0,22.5,-1.0444444444444445,
2025-06-06,-47.0,22.5,-1.0444444444444445,
2025-06-09,-47.0,22.5,-1.0444444444444445,
2025-06-10,-47.0,22.5,-1.0444444444444445,
2025-06-11,-47.0,22.5,-1.0444444444444445,
2025-06-12,-47.0,22.5,-1.0444444444444445,
2025-06-13,-47.0,22.5,-1.0444444444444445,
2025-06-16,207.5,22.5,4.611111111111111,
2025-06-17,-47.0,22.5,-1.0444444444444445,
2025-06-18,-47.0,22.5,-1.0444444444444445,
2025-06-19,60.5,22.5,1.3444444444444446,
2025-06-20,-47.0,22.5,-1.0444444444444445,
2025-06-23,-47.0,22.5,-1.0444444444444445,
2025-06-24,-47.0,22.5,-1.0444444444444445,
2025-06-25,-47.0,22.5,-1.0444444444444445,
2025-06-26,-47.0,22.5,-1.0444444444444445,
2025-06-27,-47.0,22.5,-1.0444444444444445,
2025-06-30,-47.0,22.5,-1.0444444444444445,
2025-07-01,-47.0,22.5,-1.0444444444444445,
2025-07-02,351.0,22.5,7.8,
2025-07-03,-47.0,22.5,-1.0444444444444445,
2025-07-04,-47.0,22.5,-1.0444444444444445,
2025-07-07,-47.0,22.5,-1.0444444444444445,
2025-07-08,-47.0,22.5,-1.0444444444444445,
2025-07-09,-47.0,22.5,-1.0444444444444445,
2025-07-10,-2.0,22.5,-0.044444444444444446,
2025-07-11,-47.0,22.5,-1.0444444444444445,
2025-07-14,-47.0,22.5,-1.0444444444444445,
2025-07-15,-47.0,22.5,-1.0444444444444445,
2025-07-16,-47.0,22.5,-1.0444444444444445,
2025-07-17,-47.0,22.5,-1.0444444444444445,
2025-07-18,40.0,22.5,0.8888888888888888,
2025-07-21,87.0,22.5,1.9333333333333333,
2025-07-22,-47.0,22.5,-1.0444444444444445,
2025-07-23,-47.0,22.5,-1.0444444444444445,
2025-07-24,-47.0,22.5,-1.0444444444444445,
2025-07-25,75.5,22.5,1.6777777777777778,
2025-07-28,-47.0,22.5,-1.0444444444444445,
2025-07-29,-47.0,22.5,-1.0444444444444445,
2025-07-30,-47.0,22.5,-1.0444444444444445,
2025-07-31,-47.0,22.5,-1.0444444444444445,
2025-08-01,-2.0,22.5,-0.044444444444444446,
2025-08-04,332.5,22.5,7.388888888888889,
2025-08-05,-47.0,22.5,-1.0444444444444445,
2025-08-06,-47.0,22.5,-1.0444444444444445,
2025-08-07,-47.0,22.5,-1.0444444444444445,
2025-08-08,270.5,22.5,6.011111111111111,
2025-08-11,-47.0,22.5,-1.0444444444444445,
2025-08-12,-47.0,22.5,-1.0444444444444445,
2025-08-13,-47.0,22.5,-1.0444444444444445,
2025-08-14,-47.0,22.5,-1.0444444444444445,
2025-08-15,-47.0,22.5,-1.0444444444444445,
2025-08-18,-47.0,22.5,-1.0444444444444445,
2025-08-19,-47.0,22.5,-1.0444444444444445,
2025-08-20,90.5,22.5,2.011111111111111,
2025-08-21,-47.0,22.5,-1.0444444444444445,
2025-08-22,-47.0,22.5,-1.0444444444444445,
2025-08-25,-47.0,22.5,-1.0444444444444445,
2025-08-26,-47.0,22.5,-1.0444444444444445,
2025-08-27,-47.0,22.5,-1.0444444444444445,
2025-08-28,-47.0,22.5,-1.0444444444444445,
2025-08-29,327.5,22.5,7.277777777777778,
2025-09-01,-47.0,22.5,-1.0444444444444445,
2025-09-02,-2.0,22.5,-0.044444444444444446,
2025-09-03,-47.0,22.5,-1.0444444444444445,
2025-09-04,-47.0,22.5,-1.0444444444444445,
2025-09-05,-47.0,22.5,-1.0444444444444445,
2025-09-08,-47.0,22.5,-1.0444444444444445,
2025-09-09,-47.0,22.5,-1.0444444444444445,
2025-09-10,-47.0,22.5,-1.0444444444444445,
2025-09-11,-47.0,22.5,-1.0444444444444445,
2025-09-12,-47.0,22.5,-1.0444444444444445,
2025-09-15,219.0,22.5,4.866666666666666,
2025-09-16,90.0,22.5,2.0,
2025-09-17,-2.0,22.5,-0.044444444444444446,
2025-09-18,-47.0,22.5,-1.0444444444444445,
2025-09-19,-47.0,22.5,-1.0444444444444445,
2025-09-22,-47.0,22.5,-1.0444444444444445,
2025-09-23,319.5,22.5,7.1,
2025-09-24,200.5,22.5,4.455555555555556,
2025-09-25,-47.0,22.5,-1.0444444444444445,
2025-09-26,-47.0,22.5,-1.0444444444444445,
2025-09-29,-47.0,22.5,-1.0444444444444445,
2025-09-30,-47.0,22.5,-1.0444444444444445,
2025-10-01,-47.0,22.5,-1.0444444444444445,
2025-10-02,-2.0,22.5,-0.044444444444444446,
2025-10-03,-47.0,22.5,-1.0444444444444445,
2025-10-06,-47.0,22.5,-1.0444444444444445,
2025-10-07,-47.0,22.5,-1.0444444444444445,
2025-10-08,411.0,22.5,9.133333333333333,
2025-10-09,22.5,22.5,0.5,
2025-10-10,-47.0,22.5,-1.0444444444444445,
2025-10-13,-47.0,22.5,-1.0444444444444445,
2025-10-14,-2.0,22.5,-0.044444444444444446,
2025-10-15,-47.0,22.5,-1.0444444444444445,
2025-10-16,-47.0,22.5,-1.0444444444444445,
2025-10-17,-47.0,22.5,-1.0444444444444445,
2025-10-20,226.5,22.5,5.033333333333333,
2025-10-21,-47.0,22.5,-1.0444444444444445,
2025-10-22,-47.0,22.5,-1.0444444444444445,
2025-10-23,441.0,22.5,9.8,
2025-10-24,-47.0,22.5,-1.0444444444444445,
2025-10-27,-47.0,22.5,-1.0444444444444445,
2025-10-28,-47.0,22.5,-1.0444444444444445,
2025-10-29,-47.0,22.5,-1.0444444444444445,
2025-10-30,-47.0,22.5,-1.0444444444444445,
2025-10-31,-47.0,22.5,-1.0444444444444445,
2025-11-03,130.0,22.5,2.888888888888889,
2025-11-04,-47.0,22.5,-1.0444444444444445,
2025-11-05,-47.0,22.5,-1.0444444444444445,
2025-11-06,-47.0,22.5,-1.0444444444444445,
2025-11-07,-2.0,22.5,-0.044444444444444446,
2025-11-10,-47.0,22.5,-1.0444444444444445,
2025-11-11,-47.0,22.5,-1.0444444444444445,
2025-11-12,-47.0,22.5,-1.0444444444444445,
2025-11-13,-2.0,22.5,-0.044444444444444446,
2025-11-14,-47.0,22.5,-1.0444444444444445,
2025-11-17,-2.0,22.5,-0.044444444444444446,
2025-11-18,-47.0,22.5,-1.0444444444444445,
2025-11-19,-2.0,22.5,-0.044444444444444446,
2025-11-20,-47.0,22.5,-1.0444444444444445,
2025-11-21,-47.0,22.5,-1.0444444444444445,
2025-11-24,-47.0,22.5,-1.0444444444444445,
2025-11-25,-2.0,22.5,-0.044444444444444446,
2025-11-26,-47.0,22.5,-1.0444444444444445,
2025-11-27,-47.0,22.5,-1.0444444444444445,
2025-11-28,-47.0,22.5,-1.0444444444444445,
2025-12-01,-47.0,22.5,-1.0444444444444445,
2025-12-02,-2.0,22.5,-0.044444444444444446,
2025-12-04,-47.0,22.5,-1.0444444444444445,
2025-12-05,-47.0,22.5,-1.0444444444444445,
2025-12-08,-47.0,22.5,-1.0444444444444445,
2025-12-09,-47.0,22.5,-1.0444444444444445,
2025-12-10,-47.0,22.5,-1.0444444444444445,
2025-12-11,-47.0,22.5,-1.0444444444444445,
2025-12-12,685.0,22.5,15.222222222222221,
2025-12-15,-47.0,22.5,-1.0444444444444445,
2025-12-16,-47.0,22.5,-1.0444444444444445,
2025-12-17,1013.5,22.5,22.522222222222222,
2025-12-18,-47.0,22.5,-1.0444444444444445,
2025-12-19,-47.0,22.5,-1.0444444444444445,
2025-12-22,-47.0,22.5,-1.0444444444444445,
2025-12-23,-47.0,22.5,-1.0444444444444445,
2025-12-26,-47.0,22.5,-1.0444444444444445,
2025-12-29,-47.0,22.5,-1.0444444444444445,
2025-12-30,-47.0,22.5,-1.0444444444444445,
2025-12-31,420.0,22.5,9.333333333333334,
2026-01-02,-47.0,22.5,-1.0444444444444445,
2026-01-05,-47.0,22.5,-1.0444444444444445,
2026-01-06,-47.0,22.5,-1.0444444444444445,
2026-01-07,-47.0,22.5,-1.0444444444444445,
2026-01-08,-47.0,22.5,-1.0444444444444445,
2026-01-09,-47.0,22.5,-1.0444444444444445,
2026-01-12,191.5,22.5,4.2555555555555555,
2026-01-13,-47.0,22.5,-1.0444444444444445,
2026-01-14,-47.0,22.5,-1.0444444444444445,
2026-01-15,-47.0,22.5,-1.0444444444444445,
2026-01-16,-47.0,22.5,-1.0444444444444445,
2026-01-19,-47.0,22.5,-1.0444444444444445,
2026-01-20,-47.0,22.5,-1.0444444444444445,
2026-01-21,-2.0,22.5,-0.044444444444444446,
2026-01-22,-47.0,22.5,-1.0444444444444445,
2026-01-23,-47.0,22.5,-1.0444444444444445,
2026-01-26,148.0,22.5,3.2888888888888888,
2026-01-27,-47.0,22.5,-1.0444444444444445,
2026-01-28,-47.0,22.5,-1.0444444444444445,
2026-01-29,209.5,22.5,4.655555555555556,
2026-01-30,-47.0,22.5,-1.0444444444444445,
2026-02-02,436.0,22.5,9.688888888888888,
2026-02-03,857.5,22.5,19.055555555555557,
2026-02-04,-47.0,22.5,-1.0444444444444445,
2026-02-05,-47.0,22.5,-1.0444444444444445,
2026-02-06,-47.0,22.5,-1.0444444444444445,
2026-02-09,-47.0,22.5,-1.0444444444444445,
2026-02-10,-47.0,22.5,-1.0444444444444445,
2026-02-11,-47.0,22.5,-1.0444444444444445,
2026-02-12,1087.5,22.5,24.166666666666668,
2026-02-13,-47.0,22.5,-1.0444444444444445,
2026-02-16,-47.0,22.5,-1.0444444444444445,
2026-02-17,-47.0,22.5,-1.0444444444444445,
2026-02-18,-47.0,22.5,-1.0444444444444445,
2026-02-19,-47.0,22.5,-1.0444444444444445,
2026-02-20,537.0,22.5,11.933333333333334,
2026-02-23,-47.0,22.5,-1.0444444444444445,
2026-02-24,-47.0,22.5,-1.0444444444444445,
2026-02-25,321.0,22.5,7.133333333333334,
2026-02-26,-47.0,22.5,-1.0444444444444445,
2026-02-27,-47.0,22.5,-1.0444444444444445,
2026-03-02,-47.0,22.5,-1.0444444444444445,
2026-03-03,-47.0,22.5,-1.0444444444444445,
2026-03-04,-47.0,22.5,-1.0444444444444445,
2026-03-05,-47.0,22.5,-1.0444444444444445,
2026-03-06,-47.0,22.5,-1.0444444444444445,
2026-03-09,-47.0,22.5,-1.0444444444444445,
2026-03-10,-47.0,22.5,-1.0444444444444445,
2026-03-11,-47.0,22.5,-1.0444444444444445,
2026-03-12,-47.0,22.5,-1.0444444444444445,
2026-03-13,-47.0,22.5,-1.0444444444444445,
2026-03-16,-47.0,22.5,-1.0444444444444445,
2026-03-17,-47.0,22.5,-1.0444444444444445,
2026-03-18,-47.0,22.5,-1.0444444444444445,
2026-03-19,-47.0,22.5,-1.0444444444444445,
2026-03-20,-47.0,22.5,-1.0444444444444445,
2026-03-23,-47.0,22.5,-1.0444444444444445,
2026-03-24,-47.0,22.5,-1.0444444444444445,
2026-03-25,-47.0,22.5,-1.0444444444444445,
2026-03-26,-47.0,22.5,-1.0444444444444445,
2026-03-27,-47.0,22.5,-1.0444444444444445,
2026-03-30,654.5,22.5,14.544444444444444,
2026-03-31,-47.0,22.5,-1.0444444444444445,
2026-04-01,-47.0,22.5,-1.0444444444444445,
2026-04-02,-47.0,22.5,-1.0444444444444445,
2026-04-06,-47.0,22.5,-1.0444444444444445,
2026-04-07,-47.0,22.5,-1.0444444444444445,
2026-04-08,165.0,22.5,3.6666666666666665,
2026-04-09,-47.0,22.5,-1.0444444444444445,
2026-04-10,-47.0,22.5,-1.0444444444444445,
2026-04-13,-47.0,22.5,-1.0444444444444445,
2026-04-14,562.5,22.5,12.5,
2026-04-15,-47.0,22.5,-1.0444444444444445,
2026-04-16,-2.0,22.5,-0.044444444444444446,
2026-04-17,-47.0,22.5,-1.0444444444444445,
2026-04-20,-47.0,22.5,-1.0444444444444445,
2026-04-21,-47.0,22.5,-1.0444444444444445,
2026-04-22,379.5,22.5,8.433333333333334,
2026-04-23,-47.0,22.5,-1.0444444444444445,
2026-04-24,-47.0,22.5,-1.0444444444444445,
2026-04-27,-47.0,22.5,-1.0444444444444445,
2026-04-28,-47.0,22.5,-1.0444444444444445,
2026-04-29,-47.0,22.5,-1.0444444444444445,
2026-04-30,-47.0,22.5,-1.0444444444444445,
2026-05-01,200.0,22.5,4.444444444444445,
2026-05-04,-47.0,22.5,-1.0444444444444445,
2026-05-05,219.0,22.5,4.866666666666666,
2026-05-06,-47.0,22.5,-1.0444444444444445,
2026-05-07,-47.0,22.5,-1.0444444444444445,
2026-05-08,750.5,22.5,16.677777777777777,
2026-05-11,-47.0,22.5,-1.0444444444444445,
2026-05-12,-47.0,22.5,-1.0444444444444445,
2026-05-13,-47.0,22.5,-1.0444444444444445,
2026-05-14,-2.0,22.5,-0.044444444444444446,
2026-05-15,-47.0,22.5,-1.0444444444444445,
2026-05-18,-2.0,22.5,-0.044444444444444446,
2026-05-19,-47.0,22.5,-1.0444444444444445,
2026-05-20,-47.0,22.5,-1.0444444444444445,
2026-05-21,-47.0,22.5,-1.0444444444444445,
2026-05-22,-47.0,22.5,-1.0444444444444445,
2026-05-25,-47.0,22.5,-1.0444444444444445,
2026-05-26,-47.0,22.5,-1.0444444444444445,
2026-05-27,185.0,22.5,4.111111111111111,
2026-05-28,-47.0,22.5,-1.0444444444444445,
2026-05-29,-47.0,22.5,-1.0444444444444445,
2026-06-02,-47.0,22.5,-1.0444444444444445,
2026-06-03,-47.0,22.5,-1.0444444444444445,
2026-06-04,-47.0,22.5,-1.0444444444444445,
2026-06-05,1974.0,22.5,43.86666666666667,
2026-06-08,-47.0,22.5,-1.0444444444444445,
2026-06-09,-47.0,22.5,-1.0444444444444445,
2026-06-10,-47.0,22.5,-1.0444444444444445,
2026-06-11,-47.0,22.5,-1.0444444444444445,
2026-06-12,-47.0,22.5,-1.0444444444444445,
2026-06-15,425.0,22.5,9.444444444444445,
2026-06-16,-47.0,22.5,-1.0444444444444445,
2026-06-17,-47.0,22.5,-1.0444444444444445,
2026-06-18,-47.0,22.5,-1.0444444444444445,
2026-06-19,-47.0,22.5,-1.0444444444444445,
2026-06-22,-47.0,22.5,-1.0444444444444445,
2026-06-23,-47.0,22.5,-1.0444444444444445,
2026-06-24,-47.0,22.5,-1.0444444444444445,
2026-06-25,-47.0,22.5,-1.0444444444444445,
2026-06-26,-47.0,22.5,-1.0444444444444445,
2026-06-29,-47.0,22.5,-1.0444444444444445,
2026-06-30,-47.0,22.5,-1.0444444444444445,
2026-07-01,-47.0,22.5,-1.0444444444444445,
2026-07-02,-47.0,22.5,-1.0444444444444445,
2026-07-03,-47.0,22.5,-1.0444444444444445,
2026-07-06,-47.0,22.5,-1.0444444444444445,
2026-07-07,-47.0,22.5,-1.0444444444444445,
2026-07-08,-47.0,22.5,-1.0444444444444445,
2026-07-09,-2.0,22.5,-0.044444444444444446,
2026-07-10,-47.0,22.5,-1.0444444444444445,
2026-07-13,-47.0,22.5,-1.0444444444444445,
2026-07-14,-47.0,22.5,-1.0444444444444445,
2026-07-15,-2.0,22.5,-0.044444444444444446,
2026-07-16,-47.0,22.5,-1.0444444444444445,
2026-07-17,-2.0,22.5,-0.044444444444444446,
2026-07-20,-47.0,22.5,-1.0444444444444445,
2026-07-21,-47.0,22.5,-1.0444444444444445,
2026-07-22,-47.0,22.5,-1.0444444444444445,
2026-07-23,-47.0,22.5,-1.0444444444444445,
2026-07-24,-2.0,22.5,-0.044444444444444446,
2026-07-27,-47.0,22.5,-1.0444444444444445,
2026-07-28,-47.0,22.5,-1.0444444444444445,
2026-07-29,-47.0,22.5,-1.0444444444444445,
2026-07-30,-47.0,22.5,-1.0444444444444445,
2026-07-31,-47.0,22.5,-1.0444444444444445,
2026-08-03,-47.0,22.5,-1.0444444444444445,
2026-08-04,-47.0,22.5,-1.0444444444444445,
2026-08-05,-47.0,22.5,-1.0444444444444445,
2026-08-06,-2.0,22.5,-0.044444444444444446,
2026-08-07,-47.0,22.5,-1.0444444444444445,
2026-08-10,-47.0,22.5,-1.0444444444444445,
2026-08-11,-47.0,22.5,-1.0444444444444445,
2026-08-12,-47.0,22.5,-1.0444444444444445,
2026-08-13,496.5,22.5,11.033333333333333,
2026-08-14,-47.0,22.5,-1.0444444444444445,
2026-08-17,-47.0,22.5,-1.0444444444444445,
2026-08-18,-47.0,22.5,-1.0444444444444445,
2026-08-19,300.0,22.5,6.666666666666667,
2026-08-20,-47.0,22.5,-1.0444444444444445,
2026-08-21,-2.0,22.5,-0.044444444444444446,
2026-08-24,-47.0,22.5,-1.0444444444444445,
2026-08-25,-47.0,22.5,-1.0444444444444445,
2026-08-26,-47.0,22.5,-1.0444444444444445,
2026-08-27,-47.0,22.5,-1.0444444444444445,
2026-08-28,-47.0,22.5,-1.0444444444444445,
